typo,label
akhanda,अखण्ड
aguwa,अगुवा
agraj,अग्रज
ajaya,अजय
ajar,अजर
atala,अटल
atithi,अतिथी
atul,अतुल
athana,अथाह
ananta,अनन्त
anuja,अनुज
apaar,अपार
apurba,अपुर्ब
abhaya,अभय
amar,अमर
amal,अमल
arun,अरुण
arpan,अर्पण
ashala,असल
akshyar,अक्षर
aangan,आँगन
aanchal,आँचल
aakar,आकार
aakaash,आकाश
aadar,आदर
aadarsha,आदर्श
aadhaar,आधार
aamool,आमूल
aayaam,आयाम
aarjan,आर्जन
aalok,आलोक
aawash,आवास
aashaa,आशा
aashan,आसन
aashtha,आस्था
inam,इनाम
uttam,उत्तम
udaya,उदय
udaar,उदार
unnati,उन्नती
umanga,उमंग
usha,उषा
urjaa,ऊर्जा
ekataa,एकता
kantha,कण्ठ
kadam,कदम
kadar,कदर
kapil,कपिल
kapur,कपुर
kamal,कमल
karunaa,करुणा
kalam,कलम
kala,कला
kabi,कवि
kawita,कविता
kasam,कसम
kabya,काब्य
kaamana,कामना
keenara,किनारा
kiran,किरण
killa,किल्ला
keerti,कीर्ति
kunja,कुञ्ज
kushal,कुशल
kusum,कुसुम
kripa,कृपा
kesher,केशर
koili,कोइली
kopila,कोपिला
khajana,खजाना
khniz,खनिज
khani,खानी
gagan,गगन
gamala,गमला
gahana,गहना
gaajal,गाजल
gaatha,गाथा
guransa,गुराँस
greeha,गृह
gochar,गोचर
gorasha,गोरस
goreto,गोरेटो
gauthali,गौँथली
gaurab,गौरव
ghumti,घुम्ती
chakra,चक्र
chandra,चन्द्र
chamak,चमक
chameli,चमेली
charan,चरण
chaandani,चाँदनी
chaandi,चाँदी
chaahanaa,चाहना
chitra,चित्र
chirag,चिराग
cheerayu,चिरायु
chetan,चेतन
chehara,चेहरा
chautaari,चौतारी
chhawee,छवि
chhaharee,छहारी
chhaataa,छाता
chhaayaa,छायाँ
chimeki,छिमेकी
jagat,जगत्
janataa,जनता
jamin,जमिन
jamuna,जमुना
jarayo,जरायो
jal,जल
jahaaj,जहाज
jagreeti,जागृति
jaati,जाती
jeeban,जीवन
juneli,जुनेली
jureli,जुरेली
juhi,जुही
jor,जोर
jyoti,ज्योति
jharana,झरना
jhalak,झलक
dabali,डबली
danfe,डाँफे
daali,डाली
dhoka,ढोका
takma,तक्मा
tapan,तपन
tabla,तबला
taral,तरल
taraju,तराजु
tareli,तरेली
talau,तलाउ
talaiya,तलैया
tara,तारा
taali,ताली
tirsana,तिर्सना
tej,तेज
toran,तोरण
trikon,त्रिकोण
thalo,थलो
thali,थाली
thungo,थुँगो
thailee,थैली
darpan,दर्पण
darshan,दर्शन
dalaan,दलान
diyalo,दियालो
dil,दिल
diwash,दिवस
deewaa,दिवा
diksha,दीक्षा
deepa,दीप
dovan,दोभान
drabya,द्रव्य
dhan,धन
dhanesha,धनेश
dhairya,धैर्य
nakshatra,नक्षत्र
nagara,नगर
najir,नजिर
nava,नभ
namana,नमन
namunaa,नमुना
nayan,नयन
naram,नरम
nahara,नहर
naakaa,नाका
nikat,निकट
nikaas,निकास
nigama,निगम
niwas,निवास
niym,नियम
nirdosh,निर्दोष
nirmal,निर्मल
nirman,निर्माण
nipurn,निपुण
nisaana,निसाना
netra,नेत्र
nyaaya,न्याय
pathan,पठन
panna,पन्ना
paree,परी
parelee,परेली
parewa,परेवा
pawan,पवन
pawitra,पवित्र
patrikaa,पत्रिका
paailaa,पाइला
pipal,पिपल
puspa,पुष्प
pustak,पुस्तक
preethwi,पृथ्वी
pokhari,पोखरी
posan,पोषण
pauwa,पौवा
prakash,प्रकाश
prakreti,प्रकृति
prakhara,प्रखर
pragati,प्रगति
pranaya,प्रणय
pradeep,प्रदीप
prabal,प्रबल
prabhaaw,प्रभाव
prayaas,प्रयास
preeti,प्रीति
prem,प्रेम
pragyaa,प्रज्ञा
fatik,फटिक
fuul,फूल
bagal,बगल
bagan,बगान
bagainchaa,बगैँचा
bachata,बचत
bachan,बचन
batuwaa,बटुवा
bara,बर
bahal,बहाल
baalaa,बाला
bigul,बिगुल
weruwa,बिरुवा
bhandar,भन्डार
bharosha,भरोसा
bhawan,भवन
bhuwan,भुवन
bhugol,भूगोल
bhumika,भूमिका
mangal,मंगल
makala,मकल
makhana,मखन
magan,मगन
manjari,मञ्जरी
mane,मणि
madhata,मदत
madan,मदन
madhu,मधु
man,मन
manisha,मनीषा
mamata,ममता
mayura,मयूर
malama,मलम
masalaa,मसला
maha,मह
mahal,महल
mahimaa,महिमा
manik,माणिक
maanak,मानक
maanab,मानव
mayalu,मायालु
mala,माला
maali,माली
mithas,मिठास
milan,मिलन
misila,मिसिल
mit,मीत
muna,मुना
munaal,मुनाल
murali,मुरली
muluk,मुलुक
muhaan,मुहान
muhaar,मुहार
maidan,मैदान
maina,मैना
moti,मोती
mohar,मोहर
mauri,मौरी
maulik,मौलिक
mausham,मौसम
yantra,यन्त्र
yaatree,यात्री
yugal,युगल
yuwaa,युवा
yog,योग
yojana,योजना
rachana,रचना
rajat,रजत
ratna,रत्न
ramana,रमण
ramaa,रमा
rabi,रवि
rashmi,रश्मि
rashik,रसिक
riwaaj,रिवाज
rupak,रुपक
rekha,रेखा
resham,रेसम
rochak,रोचक
rohini,रोहिणी
raunak,रौनक
lagan,लगन
lataa,लता
lawan,लवण
lahanaa,लहना
lahar,लहर
laksha,लक्ष
lankuri,लाँकुरी
laabha,लाभ
lali,लाली
lekhak,लेखक
lochan,लोचन
ojan,ओजन
bikash,विकास
bijaya,विजय
bigyan,विज्ञान
bidhya,विद्या
bidhaan,विधान
binmra,विनम्र
binaya,विनय
bipana,विपना
beepul,विपुल
wiwidha,विविध
bibek,विवेक
bishal,विशाल
bihani,विहानी
brikshya,वृक्ष
shayan,शयन
shaan,शान
shaanti,शान्ति
shaalin,शालीन
shikshya,शिक्षा
shir,शिर
shishira,शिशिर
shital,शीतल
shuva,शुभ
shaili,शैली
sangam,संगम
samyog,संयोग
sakala,सकल
sakshyam,सक्षम
sakha,सखा
sagun,सगुन
sagol,सगोल
saghan,सघन
sacheta,सचेत
sajag,सजग
satik,सटीक
sataha,सतह
satya,सत्य
sadan,सदन
sanduk,सन्दुक
sandhya,सन्ध्या
sapanaa,सपना
safal,सफल
safaa,सफा
safed,सफेद
samataa,समता
samaya,समय
samaja,समाज
samipa,समीप
samira,समीर
samuha,समूह
sarala,सरल
sabal,सवल
sahara,सहारा
sandha,साँध
saaita,साइत
sakara,साकार
saakha,साख
sagar,सागर
sajha,साझा
saathi,साथी
sada,सादा
sadhana,साधना
saarathi,सारथी
saahasa,साहस
sakshi,साक्षी
sindhu,सिन्धु
sip,सिप
simal,सिमल
simana,सिमाना
simrik,सिम्रिक
sirani,सिरानी
sirjana,सिर्जना
sukha,सुख
sugandha,सुगन्ध
sugam,सुगम
sudin,सुदिन
sudeep,सुदीप
sudhaar,सुधार
sun,सुन
sunaulo,सुनौलो
sundhar,सुन्दर
suman,सुमन
sumarga,सुमार्ग
sumukh,सुमुख
suyog,सुयोग
suraj,सुरज
surakshya,सुरक्षा
sulav,सुलभ
suwarna,सुवर्ण
subidhaa,सुविधा
sushil,सुशील
sewa,सेवा
saugat,सौगात
harin,हरिण
hareet,हरित
haweli,हवेली
hakim,हाकिम
hardik,हार्दिक
kshamata,क्षमता
gyaan,ज्ञान
akhand,अखण्ड
agoowaa,अगुवा
agrag,अग्रज
ajay,अजय
ajhar,अजर
atal,अटल
atithhi,अतिथी
athul,अतुल
athanna,अथाह
anantaah,अनन्त
anujaa,अनुज
apaarh,अपार
apurbha,अपुर्ब
abhay,अभय
amaar,अमर
amaal,अमल
arunn,अरुण
arpanh,अर्पण
ashalaa,असल
akshiyar,अक्षर
aanganh,आँगन
anchal,आँचल
aakaar,आकार
aakash,आकाश
aadarr,आदर
adarsha,आदर्श
aadhaarh,आधार
amool,आमूल
aayam,आयाम
arjan,आर्जन
alok,आलोक
awash,आवास
aasha,आशा
ashan,आसन
asta,आस्था
inaam,इनाम
utam,उत्तम
udayaa,उदय
udar,उदार
unnatti,उन्नती
umang,उमंग
ushaa,उषा
urja,ऊर्जा
ekta,एकता
kanthaa,कण्ठ
kaddam,कदम
kaddar,कदर
kapill,कपिल
kapoor,कपुर
kamall,कमल
karuna,करुणा
kaalam,कलम
kalaa,कला
kawi,कवि
kavita,कविता
kassam,कसम
kavya,काब्य
kamana,कामना
keenraa,किनारा
kirann,किरण
kila,किल्ला
keerthi,कीर्ति
kunjaa,कुञ्ज
kushaal,कुशल
kusumm,कुसुम
krippaa,कृपा
kesra,केशर
koilii,कोइली
kopilla,कोपिला
khajanaa,खजाना
khanij,खनिज
khanee,खानी
gagann,गगन
gamla,गमला
gahanaa,गहना
gajal,गाजल
gatha,गाथा
guras,गुराँस
grih,गृह
gochhar,गोचर
gorasa,गोरस
gorett,गोरेटो
gaunthali,गौँथली
gaurav,गौरव
ghumtii,घुम्ती
chakr,चक्र
chandran,चन्द्र
chamakah,चमक
chameli,चमेली
charann,चरण
chandani,चाँदनी
chandi,चाँदी
chahana,चाहना
chitr,चित्र
chiraag,चिराग
cheeraayu,चिरायु
chetann,चेतन
chehera,चेहरा
chautari,चौतारी
chhawi,छवि
chhahaari,छहारी
chhataa,छाता
chaya,छायाँ
cheemeki,छिमेकी
jagattt,जगत्
janta,जनता
zamin,जमिन
jamnaa,जमुना
jaraayo,जरायो
jall,जल
jahaj,जहाज
jagritee,जागृति
jatee,जाती
jiban,जीवन
junelee,जुनेली
jurelee,जुरेली
juhii,जुही
joor,जोर
jyotii,ज्योति
jharanaa,झरना
jhalakk,झलक
dabalee,डबली
daanfe,डाँफे
daalee,डाली
dhokaa,ढोका
takmaa,तक्मा
tapann,तपन
tabela,तबला
tarall,तरल
taraaju,तराजु
tarelee,तरेली
talaau,तलाउ
talaeeya,तलैया
taaraa,तारा
taalee,ताली
teersana,तिर्सना
teja,तेज
torana,तोरण
treekona,त्रिकोण
thaloo,थलो
thalee,थाली
thungoo,थुँगो
thaili,थैली
darpana,दर्पण
darsan,दर्शन
dalana,दलान
deeyaalo,दियालो
deel,दिल
diwasa,दिवस
diwa,दिवा
deekshaa,दीक्षा
dipa,दीप
dobhaan,दोभान
draby,द्रव्य
dhana,धन
dhanes,धनेश
dhaira,धैर्य
naksatra,नक्षत्र
nagar,नगर
najeer,नजिर
nabha,नभ
naman,नमन
namuna,नमुना
nayana,नयन
narama,नरम
nahar,नहर
naka,नाका
neekata,निकट
nikasha,निकास
neegam,निगम
neewaash,निवास
neeyam,नियम
neerdosa,निर्दोष
neermal,निर्मल
neermaan,निर्माण
nipurna,निपुण
neesaanaa,निसाना
netraa,नेत्र
nyay,न्याय
pathana,पठन
pannaa,पन्ना
pari,परी
pareli,परेली
parebaa,परेवा
paban,पवन
pabitra,पवित्र
patreeka,पत्रिका
paaelaa,पाइला
peepal,पिपल
pushpa,पुष्प
pustaka,पुस्तक
prithwe,पृथ्वी
pokharee,पोखरी
poshan,पोषण
pauba,पौवा
prakaasa,प्रकाश
prakritee,प्रकृति
prakhar,प्रखर
pragatee,प्रगति
pranya,प्रणय
pradip,प्रदीप
prawal,प्रबल
prabhab,प्रभाव
prayash,प्रयास
preetee,प्रीति
prema,प्रेम
pragyan,प्रज्ञा
fateek,फटिक
ful,फूल
bagala,बगल
bagaan,बगान
bagaichaa,बगैँचा
save,बचत
bachana,बचन
batoowaa,बटुवा
bar,बर
bahaala,बहाल
bala,बाला
bigool,बिगुल
biruwa,बिरुवा
bhandaar,भन्डार
bharosa,भरोसा
vawan,भवन
bhuban,भुवन
bhoogol,भूगोल
bhumeeka,भूमिका
mangala,मंगल
makal,मकल
makhan,मखन
magana,मगन
manjree,मञ्जरी
mani,मणि
madhat,मदत
madana,मदन
madhoo,मधु
mana,मन
maneesha,मनीषा
mamataa,ममता
mayoor,मयूर
malam,मलम
masala,मसला
mah,मह
mahala,महल
mahima,महिमा
maneek,माणिक
maanaka,मानक
manawa,मानव
mayaloo,मायालु
malaa,माला
maalee,माली
meethaas,मिठास
meelan,मिलन
meeseela,मिसिल
meeta,मीत
moona,मुना
munal,मुनाल
mooralee,मुरली
muluka,मुलुक
muhan,मुहान
muhar,मुहार
maidana,मैदान
main,मैना
mooti,मोती
mohara,मोहर
mauree,मौरी
mauleek,मौलिक
mausama,मौसम
yantr,यन्त्र
yatrii,यात्री
yoogal,युगल
yubaa,युवा
yoog,योग
yojanaa,योजना
rachan,रचना
rajata,रजत
ratn,रत्न
raman,रमण
rama,रमा
rawee,रवि
rasmi,रश्मि
rashika,रसिक
reewas,रिवाज
roopak,रुपक
rekh,रेखा
reshama,रेसम
rochaka,रोचक
roheenee,रोहिणी
raunaka,रौनक
lagana,लगन
lata,लता
laban,लवण
lahana,लहना
lahara,लहर
lakshya,लक्ष
lankuree,लाँकुरी
laava,लाभ
lalee,लाली
lekhaka,लेखक
lochann,लोचन
ojanaa,ओजन
beekash,विकास
beejaya,विजय
wegyaan,विज्ञान
beedhya,विद्या
wedhaan,विधान
beenrma,विनम्र
beenaya,विनय
beepanaa,विपना
beepool,विपुल
bebedha,विविध
weebek,विवेक
beeshal,विशाल
beehaanee,विहानी
breeksha,वृक्ष
sayan,शयन
saan,शान
saanti,शान्ति
saalin,शालीन
sheekshya,शिक्षा
sheer,शिर
sheesheera,शिशिर
sheetal,शीतल
shuba,शुभ
shailee,शैली
sangama,संगम
samyoga,संयोग
sakal,सकल
sakshama,सक्षम
sakhaa,सखा
sagoon,सगुन
sagola,सगोल
sagana,सघन
sachet,सचेत
sajagg,सजग
sateek,सटीक
satah,सतह
satty,सत्य
sadana,सदन
sandook,सन्दुक
sanda,सन्ध्या
sapana,सपना
safala,सफल
safa,सफा
safeda,सफेद
samata,समता
samay,समय
samaaja,समाज
sameepa,समीप
sameera,समीर
samooha,समूह
saral,सरल
sawal,सवल
sahaaraa,सहारा
saandha,साँध
saita,साइत
sakar,साकार
sakha,साख
sagara,सागर
saajhaa,साझा
sathee,साथी
saadaa,सादा
saadhanaa,साधना
sasarathee,सारथी
saahas,साहस
saakshee,साक्षी
seendhu,सिन्धु
seep,सिप
seemala,सिमल
seemana,सिमाना
seemreek,सिम्रिक
seeranee,सिरानी
seerjana,सिर्जना
shukha,सुख
suganda,सुगन्ध
sugama,सुगम
sudeen,सुदिन
sudip,सुदीप
sudhar,सुधार
soon,सुन
soonaulo,सुनौलो
sundar,सुन्दर
sumana,सुमन
soomarg,सुमार्ग
sumukha,सुमुख
soogoga,सुयोग
suraja,सुरज
soorakshyaa,सुरक्षा
sulabha,सुलभ
subarna,सुवर्ण
subeedha,सुविधा
susheel,सुशील
shewa,सेवा
saugata,सौगात
hareen,हरिण
harit,हरित
hawelee,हवेली
hakeem,हाकिम
hardeek,हार्दिक
kshmata,क्षमता
gyan,ज्ञान
akanda,अखण्ड
aguwaa,अगुवा
agraja,अग्रज
ajaaya,अजय
azhar,अजर
atla,अटल
atithi,अतिथी
atull,अतुल
athanaah,अथाह
anantaa,अनन्त
anujaah,अनुज
apaarah,अपार
apurvaa,अपुर्ब
abhayaa,अभय
amr,अमर
amall,अमल
aroon,अरुण
arpann,अर्पण
ashalaah,असल
akshiyaar,अक्षर
aanganah,आँगन
aachal,आँचल
aakarh,आकार
akash,आकाश
aadarh,आदर
aadarsh,आदर्श
adhaar,आधार
aamul,आमूल
aayyam,आयाम
aarnjan,आर्जन
aalokk,आलोक
aawashh,आवास
aashaah,आशा
aasan,आसन
ashta,आस्था
inamm,इनाम
uttamm,उत्तम
udaiya,उदय
udaarh,उदार
unnat,उन्नती
uman,उमंग
ushaah,उषा
urjaah,ऊर्जा
ekata,एकता
kanta,कण्ठ
kadhum,कदम
kadhar,कदर
kapeel,कपिल
kapura,कपुर
kamahl,कमल
karunna,करुणा
kallam,कलम
kalaaah,कला
kavi,कवि
kabita,कविता
kasamm,कसम
kabyaa,काब्य
kaamnaa,कामना
kinar,किनारा
keeran,किरण
killaa,किल्ला
keertii,कीर्ति
kunjah,कुञ्ज
kushall,कुशल
kusoom,कुसुम
kripaa,कृपा
keshar,केशर
koilee,कोइली
kopeela,कोपिला
khajna,खजाना
khniij,खनिज
khanii,खानी
gagn,गगन
gamalaa,गमला
gehna,गहना
gajjal,गाजल
gaathaa,गाथा
guraas,गुराँस
griha,गृह
gochaar,गोचर
goras,गोरस
goreeto,गोरेटो
gaunthalee,गौँथली
gauravh,गौरव
ghumtee,घुम्ती
chakra,चक्र
chandraa,चन्द्र
chamakh,चमक
chamellii,चमेली
charanah,चरण
chandane,चाँदनी
chaandii,चाँदी
chaahna,चाहना
chitrra,चित्र
cherag,चिराग
chirayu,चिरायु
chetanah,चेतन
chehra,चेहरा
chautariy,चौतारी
chhabi,छवि
chhaharee,छहारी
chata,छाता
chaaya,छायाँ
chemaki,छिमेकी
jagatth,जगत्
jantaa,जनता
jamun,जमिन
jamunaa,जमुना
jaraiyo,जरायो
jahl,जल
jahaz,जहाज
jagrati,जागृति
jati,जाती
jeewan,जीवन
juneali,जुनेली
jurlee,जुरेली
joohee,जुही
jora,जोर
jyotee,ज्योति
jharnaa,झरना
jhalakh,झलक
dablee,डबली
danphe,डाँफे
dalee,डाली
dhokah,ढोका
takmh,तक्मा
tappan,तपन
tabala,तबला
tarl,तरल
tarajuah,तराजु
tarelii,तरेली
talao,तलाउ
talaeeya,तलैया
tarrra,तारा
taaly,ताली
tirsanaa,तिर्सना
tejh,तेज
torann,तोरण
treekon,त्रिकोण
thaloh,थलो
thaali,थाली
thungoh,थुँगो
thaile,थैली
darpanah,दर्पण
darshann,दर्शन
dalana,दलान
deeyaloo,दियालो
dila,दिल
deewash,दिवस
deeba,दिवा
dikshaa,दीक्षा
dip,दीप
dovaan,दोभान
drawby,द्रव्य
dhannah,धन
dhanesa,धनेश
dhaery,धैर्य
nakshathra,नक्षत्र
nagaraa,नगर
najeeer,नजिर
navha,नभ
namanaa,नमन
namunah,नमुना
nayann,नयन
naramah,नरम
naharaah,नहर
naakaaah,नाका
neekat,निकट
nikas,निकास
neegama,निगम
neebaas,निवास
neeyama,नियम
nirdos,निर्दोष
neermala,निर्मल
neermana,निर्माण
nipurnaa,निपुण
neesanaa,निसाना
netrah,नेत्र
nyaya,न्याय
paathan,पठन
pannaa,पन्ना
pareeah,परी
parellee,परेली
parewaa,परेवा
pawana,पवन
pabeetra,पवित्र
patrikaa,पत्रिका
paaila,पाइला
pipala,पिपल
pusa,पुष्प
pustikaa,पुस्तक
preethbi,पृथ्वी
pokhri,पोखरी
poshana,पोषण
pauwaa,पौवा
prakashaa,प्रकाश
prakreetee,प्रकृति
prakhrah,प्रखर
pragatyaa,प्रगति
pranay,प्रणय
pradippa,प्रदीप
prabalh,प्रबल
prabhaaba,प्रभाव
prayas,प्रयास
pritee,प्रीति
premh,प्रेम
pragyaaa,प्रज्ञा
fateekaa,फटिक
full,फूल
bagall,बगल
bagana,बगान
bagaenchaa,बगैँचा
bachat,बचत
bachaana,बचन
batubaa,बटुवा
war,बर
bahaal,बहाल
waalaa,बाला
beegul,बिगुल
beeruwaa,बिरुवा
bhandara,भन्डार
bharoosha,भरोसा
vuwan,भवन
vuwan,भुवन
vugol,भूगोल
vumika,भूमिका
mangall,मंगल
makalah,मकल
makhanah,मखन
maganh,मगन
manjariyaa,मञ्जरी
manee,मणि
madhataaa,मदत
madanah,मदन
madhuu,मधु
manna,मन
maneesa,मनीषा
mamta,ममता
maayura,मयूर
malamaaa,मलम
masalaa,मसला
mahaa,मह
mahalaa,महल
maheema,महिमा
manikaa,माणिक
manak,मानक
manaw,मानव
mayaluu,मायालु
maalaa,माला
malee,माली
meethasa,मिठास
milana,मिलन
meesil,मिसिल
meet,मीत
munaa,मुना
munala,मुनाल
mural,मुरली
moolooka,मुलुक
muhana,मुहान
moohaar,मुहार
maidaan,मैदान
maayna,मैना
mootee,मोती
moharah,मोहर
mauriya,मौरी
maulika,मौलिक
mausam,मौसम
yantrah,यन्त्र
yaatri,यात्री
yugla,युगल
yuwa,युवा
yooga,योग
yojna,योजना
raachana,रचना
raajata,रजत
ratnaa,रत्न
ramanaa,रमण
raamaa,रमा
rabee,रवि
rasmee,रश्मि
rashikaa,रसिक
ribaaj,रिवाज
rupakk,रुपक
rekhaa,रेखा
resam,रेसम
rochakk,रोचक
roheeni,रोहिणी
raunakk,रौनक
lagann,लगन
lathaa,लता
labana,लवण
lahna,लहना
lahr,लहर
laksh,लक्ष
laakuri,लाँकुरी
laav,लाभ
laali,लाली
lekhakk,लेखक
lochana,लोचन
ojnah,ओजन
bikas,विकास
bijya,विजय
bigyaan,विज्ञान
beedhya,विद्या
vidhaan,विधान
vinamra,विनम्र
weenaya,विनय
beepan,विपना
bipul,विपुल
weeweedha,विविध
beebika,विवेक
beesal,विशाल
bihanee,विहानी
breekshya,वृक्ष
sayaan,शयन
saana,शान
shanti,शान्ति
shaali,शालीन
shikshyaa,शिक्षा
shira,शिर
shishir,शिशिर
sital,शीतल
subha,शुभ
saile,शैली
sangamm,संगम
samyoga,संयोग
sakaala,सकल
sakshyama,सक्षम
sakkha,सखा
sagunn,सगुन
shago,सगोल
sagan,सघन
sachet,सचेत
saajag,सजग
sattik,सटीक
satha,सतह
sattya,सत्य
saddan,सदन
sanduka,सन्दुक
sandya,सन्ध्या
sapanaa,सपना
saafal,सफल
safaaa,सफा
saafed,सफेद
samaataa,समता
samayaa,समय
samaaj,समाज
samipa,समीप
sameer,समीर
samuhaa,समूह
saralaa,सरल
sabala,सवल
saharaa,सहारा
sandhaa,साँध
sait,साइत
sakkara,साकार
saakhaa,साख
sagaar,सागर
sajjha,साझा
saathee,साथी
sadaa,सादा
saadhana,साधना
sarathi,सारथी
sahasa,साहस
sakshee,साक्षी
sindhhu,सिन्धु
ship,सिप
seemal,सिमल
simanna,सिमाना
simreek,सिम्रिक
seerani,सिरानी
sirjan,सिर्जना
shukh,सुख
sugandhaa,सुगन्ध
sugamm,सुगम
sudhin,सुदिन
sudep,सुदीप
sudhaaar,सुधार
sunn,सुन
sunaalo,सुनौलो
sundhaar,सुन्दर
sumann,सुमन
sumargaa,सुमार्ग
sumuk,सुमुख
suyogg,सुयोग
sooraj,सुरज
surakshyaa,सुरक्षा
sulabh,सुलभ
suwarn,सुवर्ण
subidhha,सुविधा
sushila,सुशील
sebaa,सेवा
saugatt,सौगात
haren,हरिण
hareeth,हरित
habeli,हवेली
hakym,हाकिम
hardikc,हार्दिक
kshamta,क्षमता
gyana,ज्ञान
akandha,अखण्ड
agwa,अगुवा
agraz,अग्रज
ajyaa,अजय
ajir,अजर
athala,अटल
atthi,अतिथी
atool,अतुल
athanaa,अथाह
anantae,अनन्त
anujha,अनुज
appaar,अपार
apurvha,अपुर्ब
abhaiya,अभय
amarr,अमर
amahl,अमल
arunaa,अरुण
arphan,अर्पण
ashalah,असल
akshiyer,अक्षर
aanganaa,आँगन
achal,आँचल
akar,आकार
aakaashh,आकाश
adar,आदर
aadarshaa,आदर्श
adhar,आधार
amul,आमूल
aayaam,आयाम
aarjaan,आर्जन
aalohk,आलोक
aawas,आवास
aashaa,आशा
asan,आसन
aashthaa,आस्था
inaam,इनाम
utthm,उत्तम
udaaya,उदय
udaarr,उदार
unati,उन्नती
umnga,उमंग
usa,उषा
urjja,ऊर्जा
ekattaa,एकता
kanthh,कण्ठ
kadamn,कदम
kadr,कदर
kapl,कपिल
kapoorh,कपुर
kammal,कमल
karunaaah,करुणा
kalamm,कलम
kalaah,कला
kabee,कवि
kawitaa,कविता
kasammm,कसम
kabyah,काब्य
kaamanaah,कामना
kinara,किनारा
kiranh,किरण
killah,किल्ला
kirti,कीर्ति
kunjaah,कुञ्ज
kushahl,कुशल
koosoom,कुसुम
kripah,कृपा
keshra,केशर
koiliya,कोइली
kopilaah,कोपिला
khazana,खजाना
khanizh,खनिज
khaniy,खानी
gaganah,गगन
gamlaa,गमला
gahnna,गहना
gaajel,गाजल
gathaa,गाथा
gurasaa,गुराँस
gruh,गृह
gochharr,गोचर
gorass,गोरस
goretto,गोरेटो
gaunthaliyy,गौँथली
gourav,गौरव
ghumtiy,घुम्ती
chakraa,चक्र
chandrah,चन्द्र
chamkaa,चमक
chamelee,चमेली
charanh,चरण
chaandane,चाँदनी
chandii,चाँदी
chahna,चाहना
chittra,चित्र
cheerag,चिराग
chiraayu,चिरायु
chhetan,चेतन
chehraah,चेहरा
chautarii,चौतारी
chhabee,छवि
chahari,छहारी
chaata,छाता
chaayaan,छायाँ
chimaki,छिमेकी
jagatt,जगत्
jantah,जनता
jameen,जमिन
jamunah,जमुना
jarraiyo,जरायो
jallh,जल
jahazz,जहाज
jagrithi,जागृति
jaatii,जाती
jiwan,जीवन
juneliyaa,जुनेली
jureliyaa,जुरेली
juhy,जुही
joora,जोर
jyotiyaa,ज्योति
jharna,झरना
jhalaka,झलक
dabli,डबली
danfay,डाँफे
dali,डाली
dhokaaah,ढोका
takmaah,तक्मा
tapanah,तपन
tabalaa,तबला
tarallh,तरल
tarajoo,तराजु
tarely,तरेली
talaooh,तलाउ
talaeeyaa,तलैया
taara,तारा
taalye,ताली
teersanaa,तिर्सना
tejah,तेज
toranah,तोरण
trikona,त्रिकोण
thalooah,थलो
thaleeah,थाली
thungooah,थुँगो
thaaily,थैली
darpanna,दर्पण
darsanaa,दर्शन
dalann,दलान
diyaloa,दियालो
deela,दिल
deewas,दिवस
deebaa,दिवा
deeksha,दीक्षा
deep,दीप
dobhana,दोभान
drabyah,द्रव्य
dhanah,धन
dhaneesh,धनेश
dhairyaa,धैर्य
naksathra,नक्षत्र
nagah,नगर
najeerah,नजिर
navaa,नभ
namnah,नमन
namunaa,नमुना
naynaa,नयन
naramaa,नरम
naharah,नहर
naakaa,नाका
neekatah,निकट
nikass,निकास
nigamah,निगम
nibaash,निवास
niyama,नियम
nirdosha,निर्दोष
neermalaa,निर्मल
neermanaa,निर्माण
nipurnah,निपुण
nishana,निसाना
netraah,नेत्र
nyayah,न्याय
pathanaah,पठन
pannaah,पन्ना
parei,परी
parelii,परेली
parewaah,परेवा
pawannah,पवन
paweetra,पवित्र
patrekaa,पत्रिका
paailaa,पाइला
peepapa,पिपल
pupsa,पुष्प
pustakaa,पुस्तक
preetheebi,पृथ्वी
pokhare,पोखरी
poshaana,पोषण
paubaa,पौवा
prakaash,प्रकाश
prakretiyaa,प्रकृति
prakhaar,प्रखर
pragatii,प्रगति
pranayaa,प्रणय
pradeepa,प्रदीप
prawalah,प्रबल
prabhaw,प्रभाव
prayaash,प्रयास
prite,प्रीति
premaa,प्रेम
pragyaan,प्रज्ञा
fatikah,फटिक
fula,फूल
bagahl,बगल
baganah,बगान
bagainchaha,बगैँचा
bachath,बचत
bachen,बचन
batuba,बटुवा
wara,बर
bahalaa,बहाल
baala,बाला
beegull,बिगुल
biruwaa,बिरुवा
bhandaarh,भन्डार
bharosah,भरोसा
bhuwan,भवन
vuban,भुवन
bhoogal,भूगोल
vumeeka,भूमिका
mangalaa,मंगल
makalaa,मकल
makhanaa,मखन
maganaa,मगन
manjre,मञ्जरी
manay,मणि
madhataa,मदत
madanaa,मदन
madhoo,मधु
mannaah,मन
manisa,मनीषा
mamtaaa,ममता
maayoor,मयूर
malamaaa,मलम
masalaa,मसला
mahaa,मह
mahal,महल
maheema,महिमा
manika,माणिक
maanaak,मानक
manabh,मानव
mayalooo,मायालु
maala,माला
maale,माली
meethasha,मिठास
meelana,मिलन
miseela,मिसिल
mita,मीत
moonaa,मुना
munaala,मुनाल
moorali,मुरली
mulukaah,मुलुक
muhaana,मुहान
mooha,मुहार
maidaana,मैदान
maana,मैना
mootiha,मोती
moharaa,मोहर
maureeaa,मौरी
mauleeka,मौलिक
mausamaa,मौसम
yantrii,यन्त्र
yatree,यात्री
yugala,युगल
yuwah,युवा
yoga,योग
yojan,योजना
raachan,रचना
raajataah,रजत
ratnhaa,रत्न
ramanaaah,रमण
ramaah,रमा
raabii,रवि
rashmiya,रश्मि
rashikaaah,रसिक
reebaaj,रिवाज
rupaka,रुपक
rekhhaa,रेखा
reshamaa,रेसम
rochakaah,रोचक
rohinee,रोहिणी
raunaka,रौनक
laganna,लगन
latta,लता
lawana,लवण
lahaana,लहना
laha,लहर
lakshh,लक्ष
laakoori,लाँकुरी
lav,लाभ
laalee,लाली
lekhaak,लेखक
loochan,लोचन
ojanaa,ओजन
bikash,विकास
beejya,विजय
beegyaan,विज्ञान
vidya,विद्या
vidhan,विधान
vinnamra,विनम्र
winaya,विनय
vipana,विपना
bipool,विपुल
veebeedha,विविध
bivek,विवेक
beesala,विशाल
bihanii,विहानी
brikshyaa,वृक्ष
saayan,शयन
shaann,शान
saantee,शान्ति
shaallin,शालीन
shikshia,शिक्षा
sheera,शिर
shishirr,शिशिर
seetal,शीतल
suva,शुभ
saili,शैली
sangamaa,संगम
samyogg,संयोग
sakal,सकल
sakshyamm,सक्षम
sakhaa,सखा
saagun,सगुन
shagool,सगोल
saghann,सघन
sachetaa,सचेत
sajaga,सजग
saatik,सटीक
sathaa,सतह
saatya,सत्य
sadaan,सदन
sandukk,सन्दुक
shandhya,सन्ध्या
sapan,सपना
safall,सफल
safa,सफा
safedd,सफेद
samatta,समता
samaaya,समय
samaaja,समाज
samipp,समीप
samirr,समीर
samuh,समूह
sarla,सरल
saball,सवल
sahra,सहारा
sahnda,साँध
saaaita,साइत
sakarra,साकार
saakh,साख
sagarr,सागर
sajhaa,साझा
saathii,साथी
sadda,सादा
sadhnaa,साधना
saarthhi,सारथी
saahasaa,साहस
sakshe,साक्षी
sindhuu,सिन्धु
sipp,सिप
simall,सिमल
simanaa,सिमाना
seemrik,सिम्रिक
siranii,सिरानी
sirjanna,सिर्जना
sukhha,सुख
sugandhaa,सुगन्ध
suugam,सुगम
sudinn,सुदिन
sudeepp,सुदीप
sudhar,सुधार
suun,सुन
sunauloo,सुनौलो
sundher,सुन्दर
sumaan,सुमन
sumargha,सुमार्ग
sumukhh,सुमुख
suog,सुयोग
sooraja,सुरज
surakshiya,सुरक्षा
sulv,सुलभ
swarna,सुवर्ण
subidaa,सुविधा
susil,सुशील
sewaa,सेवा
saugath,सौगात
harinn,हरिण
hareett,हरित
habelee,हवेली
haakim,हाकिम
haardik,हार्दिक
kshamatha,क्षमता
gyann,ज्ञान
akhnda,अखण्ड
agva,अगुवा
agrajj,अग्रज
ajaiya,अजय
ajarr,अजर
atalah,अटल
atitthi,अतिथी
atulh,अतुल
athaana,अथाह
anant,अनन्त
anuj,अनुज
apaer,अपार
apoorba,अपुर्ब
abhaaya,अभय
ammar,अमर
amool,अमल
aruna,अरुण
arpanb,अर्पण
ashalla,असल
akshyarr,अक्षर
aangn,आँगन
aanchhal,आँचल
aakarr,आकार
akaash,आकाश
aadhar,आदर
aadarshah,आदर्श
aadhhaar,आधार
amooll,आमूल
aayem,आयाम
aarjanh,आर्जन
alokh,आलोक
aawaas,आवास
aasaa,आशा
aashann,आसन
aashth,आस्था
inham,इनाम
utthamm,उत्तम
udayaah,उदय
udahr,उदार
unaati,उन्नती
umangaa,उमंग
oosha,उषा
oorja,ऊर्जा
ektha,एकता
kanthha,कण्ठ
kadammm,कदम
kadarr,कदर
kapiel,कपिल
kapurr,कपुर
kamol,कमल
karoona,करुणा
kalamh,कलम
kalae,कला
kewee,कवि
kavitah,कविता
kasm,कसम
kavyaa,काब्य
kaamnaa,कामना
kenara,किनारा
kirannh,किरण
kille,किल्ला
kirthi,कीर्ति
kunjaaa,कुञ्ज
kushallh,कुशल
kusoom,कुसुम
kripaah,कृपा
kesharh,केशर
koilaa,कोइली
kopilaa,कोपिला
khajanaa,खजाना
khanijh,खनिज
khaani,खानी
gagaan,गगन
gamaala,गमला
gahanah,गहना
gajall,गाजल
gaathah,गाथा
guraans,गुराँस
grihh,गृह
gocharh,गोचर
gorhas,गोरस
gorato,गोरेटो
gaunthli,गौँथली
gaurabh,गौरव
ghumthii,घुम्ती
chakrah,चक्र
chandr,चन्द्र
chamkah,चमक
chamele,चमेली
charn,चरण
chaandanii,चाँदनी
chande,चाँदी
chaahnaa,चाहना
chitrh,चित्र
chhiraag,चिराग
chiraayoo,चिरायु
chetanahh,चेतन
chehraa,चेहरा
chautari,चौतारी
chabi,छवि
chahare,छहारी
chhata,छाता
chhayan,छायाँ
chhimiki,छिमेकी
jagatthh,जगत्
janata,जनता
jamiin,जमिन
jamunaaah,जमुना
jaryoo,जरायो
jahlh,जल
jahaaz,जहाज
jagriti,जागृति
jaatee,जाती
jeevan,जीवन
junelii,जुनेली
jurli,जुरेली
juhee,जुही
jorr,जोर
jyotih,ज्योति
jharnah,झरना
jhalakkh,झलक
dabhli,डबली
danfhe,डाँफे
daalee,डाली
dhokaa,ढोका
takhma,तक्मा
tapna,तपन
tablah,तबला
taralh,तरल
tarajuh,तराजु
tareliyaa,तरेली
talaaww,तलाउ
talaia,तलैया
taraa,तारा
taalia,ताली
teersanha,तिर्सना
tejha,तेज
torannah,तोरण
treekonah,त्रिकोण
thalooa,थलो
thaaliyaa,थाली
thungooa,थुँगो
thaileeah,थैली
darpnaa,दर्पण
darshana,दर्शन
dalaan,दलान
diyaloo,दियालो
dilaa,दिल
deewah,दिवस
diwha,दिवा
deekshaaa,दीक्षा
deepaa,दीप
dobaan,दोभान
drabyaa,द्रव्य
dhannaa,धन
dhaneshaa,धनेश
dhairah,धैर्य
nakshattra,नक्षत्र
nagaraaah,नगर
najirh,नजिर
naabha,नभ
namanaah,नमन
namunaaah,नमुना
nayaan,नयन
naramaah,नरम
naharaaa,नहर
nakaaah,नाका
nikata,निकट
nikashaah,निकास
neegamaa,निगम
niwass,निवास
neeyam,नियम
neerdosah,निर्दोष
nirmalaa,निर्मल
nirmanah,निर्माण
nipurnaah,निपुण
nisaanaah,निसाना
netraaa,नेत्र
nyaayah,न्याय
paathana,पठन
pannaaah,पन्ना
pareeaa,परी
parele,परेली
parebaah,परेवा
pawanah,पवन
pavitra,पवित्र
patrikaah,पत्रिका
paaylaa,पाइला
peepalah,पिपल
pupsha,पुष्प
pustakaa,पुस्तक
preetwi,पृथ्वी
pokhariy,पोखरी
poshnaa,पोषण
pauwaah,पौवा
prakasha,प्रकाश
prakreet,प्रकृति
prakharaa,प्रखर
pragathee,प्रगति
pranyaa,प्रणय
pradipaa,प्रदीप
prabalha,प्रबल
prabhaawaa,प्रभाव
prayasha,प्रयास
preetiya,प्रीति
premm,प्रेम
pragyaha,प्रज्ञा
fatikaa,फटिक
fool,फूल
bagalaah,बगल
bagnaa,बगान
bagaichaaah,बगैँचा
bacha,बचत
bachanaa,बचन
batuwaha,बटुवा
baar,बर
bahall,बहाल
baalaa,बाला
bigulh,बिगुल
weruhaa,बिरुवा
bhandarh,भन्डार
bharossaa,भरोसा
bhuban,भवन
bhuvan,भुवन
bhogol,भूगोल
bhumikaa,भूमिका
mangallaa,मंगल
makalh,मकल
makhanna,मखन
magannah,मगन
manjarri,मञ्जरी
manee,मणि
madhath,मदत
madaan,मदन
madhuw,मधु
manh,मन
manishaa,मनीषा
mamataa,ममता
maayuraaa,मयूर
malamha,मलम
masaala,मसला
mahaaa,मह
maahalaa,महल
mahemaa,महिमा
manikaa,माणिक
maanaa,मानक
manabha,मानव
mayalooa,मायालु
malaaa,माला
maaleeaa,माली
meetha,मिठास
meelan,मिलन
mishila,मिसिल
meetaa,मीत
munah,मुना
munaalh,मुनाल
murli,मुरली
mooluk,मुलुक
muhaanah,मुहान
muhaarh,मुहार
maidanah,मैदान
myna,मैना
mote,मोती
moharahh,मोहर
maurii,मौरी
maulikaa,मौलिक
mausamah,मौसम
yantraa,यन्त्र
yatre,यात्री
yoogala,युगल
yubaaah,युवा
yogah,योग
yojanah,योजना
rachanaa,रचना
raajat,रजत
rattnaa,रत्न
ramanha,रमण
ramah,रमा
rabii,रवि
rashmii,रश्मि
rashaika,रसिक
riwaaja,रिवाज
roopaka,रुपक
reka,रेखा
reshamaa,रेसम
rochakaa,रोचक
rohinni,रोहिणी
raunikaa,रौनक
laganah,लगन
lataaa,लता
lawaan,लवण
lahanaa,लहना
lahrra,लहर
lakshaa,लक्ष
lakuri,लाँकुरी
labh,लाभ
laaly,लाली
lekhakaa,लेखक
lochanaa,लोचन
ojanah,ओजन
vikas,विकास
vijay,विजय
wigyan,विज्ञान
vidyaa,विद्या
vidhana,विधान
vinmr,विनम्र
vinay,विनय
vipna,विपना
vipul,विपुल
veeveedha,विविध
bibekk,विवेक
bishall,विशाल
bihana,विहानी
briksha,वृक्ष
sayn,शयन
saann,शान
shaanta,शान्ति
shaalin,शालीन
shiksha,शिक्षा
shirr,शिर
shishiraa,शिशिर
shitaal,शीतल
shuvaa,शुभ
shailii,शैली
sangm,संगम
samyoog,संयोग
sakaalaa,सकल
sakhshyam,सक्षम
sakh,सखा
saguna,सगुन
sagool,सगोल
saghaa,सघन
sachita,सचेत
sajaag,सजग
satikk,सटीक
sathha,सतह
satyaa,सत्य
saadan,सदन
saanduk,सन्दुक
shandhyaa,सन्ध्या
shapana,सपना
safaal,सफल
saafaa,सफा
shafed,सफेद
samathaa,समता
samay,समय
samaajaa,समाज
samp,समीप
saamir,समीर
shamuha,समूह
sralaa,सरल
saballl,सवल
saharah,सहारा
shandh,साँध
saita,साइत
sakaraa,साकार
sakh,साख
sagha,सागर
sajh,साझा
sathy,साथी
saadha,सादा
sadhnaa,साधना
saarathhi,सारथी
sahhasa,साहस
sakshee,साक्षी
sindhoo,सिन्धु
siip,सिप
simaal,सिमल
simna,सिमाना
simrick,सिम्रिक
siranni,सिरानी
sirjanaa,सिर्जना
sukhaa,सुख
sugandh,सुगन्ध
soogam,सुगम
sudiin,सुदिन
shudip,सुदीप
sudha,सुधार
suhn,सुन
sunaul,सुनौलो
sundar,सुन्दर
sumannn,सुमन
sumarg,सुमार्ग
sumuhk,सुमुख
suygo,सुयोग
suraaj,सुरज
surakshia,सुरक्षा
suulav,सुलभ
suvarna,सुवर्ण
subidah,सुविधा
sushill,सुशील
sewah,सेवा
sogat,सौगात
haryn,हरिण
haareet,हरित
haveli,हवेली
hakimm,हाकिम
hardiq,हार्दिक
kshamatah,क्षमता
gyaaan,ज्ञान
akhunda,अखण्ड
agua,अगुवा
agraajh,अग्रज
ajayaa,अजय
ajer,अजर
atalla,अटल
athithi,अतिथी
atulll,अतुल
athanha,अथाह
anaanta,अनन्त
anusha,अनुज
apaarr,अपार
apurb,अपुर्ब
abheya,अभय
amrah,अमर
amall,अमल
arunaah,अरुण
arpen,अर्पण
ashhalla,असल
akshiyarh,अक्षर
aangaan,आँगन
aanchul,आँचल
akaar,आकार
aakaas,आकाश
aadarh,आदर
adarsaa,आदर्श
aadhar,आधार
aamulh,आमूल
aayamm,आयाम
arjann,आर्जन
alokk,आलोक
aawashh,आवास
aashha,आशा
aashanah,आसन
aashthaah,आस्था
inaam,इनाम
uttamh,उत्तम
udeya,उदय
udhaar,उदार
unnattee,उन्नती
ummanga,उमंग
usaa,उषा
urza,ऊर्जा
ektah,एकता
kanthah,कण्ठ
kadum,कदम
kadaar,कदर
kaphil,कपिल
kappur,कपुर
kamaal,कमल
karoonaa,करुणा
kaalamm,कलम
kalaaah,कला
kabhi,कवि
kawithaa,कविता
kasamh,कसम
kabyia,काब्य
kaamnaaah,कामना
keenaraah,किनारा
kiranah,किरण
kilaah,किल्ला
keertyaa,कीर्ति
kunjae,कुञ्ज
kushaalh,कुशल
kussum,कुसुम
kripha,कृपा
kesherh,केशर
koilhi,कोइली
kopillah,कोपिला
khajanah,खजाना
khnijh,खनिज
khaniha,खानी
gaganh,गगन
gamllaa,गमला
gahanhaa,गहना
gajelh,गाजल
gathaah,गाथा
guraah,गुराँस
grihaa,गृह
gochaarr,गोचर
gorasaa,गोरस
goretah,गोरेटो
gaunthalii,गौँथली
gourabh,गौरव
ghumthi,घुम्ती
chakraa,चक्र
chandrahh,चन्द्र
chamk,चमक
chamelii,चमेली
chrn,चरण
chandanii,चाँदनी
chandee,चाँदी
chahnaa,चाहना
chitrrah,चित्र
chiraagh,चिराग
chirayoo,चिरायु
chetana,चेतन
chehraaa,चेहरा
chautarrii,चौतारी
chhavi,छवि
chhaari,छहारी
chaataa,छाता
chaayaa,छायाँ
chhimeki,छिमेकी
jagath,जगत्
jantaaa,जनता
jaminn,जमिन
jamunaah,जमुना
jraayo,जरायो
jalaa,जल
jahhaj,जहाज
jagrathi,जागृति
jatii,जाती
jeevann,जीवन
junely,जुनेली
jurellii,जुरेली
juhii,जुही
jore,जोर
jyothi,ज्योति
jharnna,झरना
jhalakhh,झलक
dably,डबली
d\u00e3phe,डाँफे
daalii,डाली
dhokha,ढोका
takmahh,तक्मा
tapanahh,तपन
tablaa,तबला
tarallaa,तरल
tarajuaa,तराजु
tarellii,तरेली
talaw,तलाउ
talaayaa,तलैया
tarah,तारा
taaliy,ताली
tirsanaaah,तिर्सना
tejaa,तेज
toranaa,तोरण
trikonah,त्रिकोण
thalaa,थलो
thallii,थाली
thugoo,थुँगो
thailih,थैली
darpanahh,दर्पण
darshn,दर्शन
dalaanah,दलान
diyaloh,दियालो
deelaah,दिल
diwashh,दिवस
deewaha,दिवा
dikshah,दीक्षा
deepah,दीप
dobaanh,दोभान
drabyy,द्रव्य
dhanaah,धन
dhanesah,धनेश
dhaairyaa,धैर्य
nakshatraa,नक्षत्र
nagaraa,नगर
najeerah,नजिर
naabhaa,नभ
namanaaah,नमन
namunaah,नमुना
nayaanah,नयन
naramaaah,नरम
nahaar,नहर
naakha,नाका
neekatah,निकट
nikash,निकास
neegamaaah,निगम
neewaas,निवास
neem,नियम
nirdosaa,निर्दोष
neermahal,निर्मल
neermanaa,निर्माण
nipurnaaa,निपुण
neesaanaaah,निसाना
netraaa,नेत्र
nyaay,न्याय
pathanah,पठन
pana,पन्ना
parey,परी
parelya,परेली
parewaaah,परेवा
pawanahh,पवन
pawitraa,पवित्र
patrikah,पत्रिका
paalaa,पाइला
pipalah,पिपल
pusphaa,पुष्प
pustakah,पुस्तक
prethewi,पृथ्वी
pokhree,पोखरी
poshanah,पोषण
paubaaah,पौवा
prakaas,प्रकाश
prakree,प्रकृति
prakharah,प्रखर
pragataa,प्रगति
pranayaa,प्रणय
pradeepaa,प्रदीप
prawall,प्रबल
prabhabh,प्रभाव
prayasaa,प्रयास
preethii,प्रीति
premah,प्रेम
pragyaaah,प्रज्ञा
fateekah,फटिक
foola,फूल
bagalah,बगल
baganaa,बगान
bagaenchaha,बगैँचा
bachathh,बचत
bachnah,बचन
batoowaha,बटुवा
waaraa,बर
bahaalh,बहाल
balah,बाला
bigula,बिगुल
beeruwaaa,बिरुवा
bhandarah,भन्डार
bharoosa,भरोसा
vuban,भवन
bhuwan,भुवन
vugool,भूगोल
bhoomika,भूमिका
mangalah,मंगल
makalah,मकल
makhanahh,मखन
magah,मगन
manjariha,मञ्जरी
maane,मणि
madat,मदत
madhana,मदन
madhoo,मधु
maana,मन
maneesh,मनीषा
mamathaa,ममता
mawyurr,मयूर
malamaa,मलम
masalaaa,मसला
maah,मह
mawhal,महल
mahemaaah,महिमा
manikah,माणिक
maanakaa,मानक
maanabha,मानव
mayaluuah,मायालु
malaaw,माला
maaliya,माली
mithasa,मिठास
meelanaa,मिलन
misilaa,मिसिल
mitaaa,मीत
munaah,मुना
munaalah,मुनाल
murlee,मुरली
moolka,मुलुक
muhaanahh,मुहान
mohar,मुहार
maidanh,मैदान
maena,मैना
mothee,मोती
moharahhh,मोहर
mauriiya,मौरी
maukil,मौलिक
maushamaa,मौसम
yawntra,यन्त्र
yawtri,यात्री
yugall,युगल
yuwaaah,युवा
yogaa,योग
yojanah,योजना
raachnah,रचना
rajath,रजत
ratnah,रत्न
ramanah,रमण
rawma,रमा
rawbe,रवि
rashmiiya,रश्मि
rashikah,रसिक
reewasa,रिवाज
ruppak,रुपक
rekaa,रेखा
reshamha,रेसम
rochakah,रोचक
rohinii,रोहिणी
raunikaa,रौनक
laganahh,लगन
lawta,लता
lawann,लवण
lahaanaa,लहना
laharrah,लहर
lakhsha,लक्ष
lakury,लाँकुरी
laabh,लाभ
laallii,लाली
lekhakah,लेखक
lochanah,लोचन
ojanaaah,ओजन
vikasa,विकास
vijaya,विजय
bigyana,विज्ञान
vidhya,विद्या
vydhan,विधान
vinamr,विनम्र
vinaya,विनय
vippana,विपना
vipull,विपुल
veeveeda,विविध
bibeck,विवेक
bishaal,विशाल
beehani,विहानी
brikshy,वृक्ष
sayawn,शयन
shaana,शान
shaant,शान्ति
shaaliii,शालीन
shikshy,शिक्षा
shiir,शिर
shishiraaah,शिशिर
shittal,शीतल
shuvah,शुभ
shail,शैली
shangam,संगम
samiyog,संयोग
sakalaa,सकल
sakshyamaah,सक्षम
saakha,सखा
shagun,सगुन
shaagol,सगोल
saghn,सघन
saacheta,सचेत
shajag,सजग
satika,सटीक
satahaa,सतह
sathya,सत्य
shaadan,सदन
shanduk,सन्दुक
sandhyaa,सन्ध्या
shapanaa,सपना
shafal,सफल
shafa,सफा
shafedd,सफेद
samata,समता
samaay,समय
samaajz,समाज
samiip,समीप
shamir,समीर
shaamuha,समूह
sharal,सरल
sabala,सवल
sahar,सहारा
shaandh,साँध
saaitaa,साइत
sakra,साकार
shakh,साख
saagar,सागर
shajha,साझा
saathiy,साथी
sadha,सादा
sadhan,साधना
saarati,सारथी
saahasaa,साहस
sakkshi,साक्षी
sindhhuu,सिन्धु
ssip,सिप
simmel,सिमल
simmana,सिमाना
simrikk,सिम्रिक
siraniy,सिरानी
sirjan,सिर्जना
shukha,सुख
sugndha,सुगन्ध
shugam,सुगम
sudn,सुदिन
shudeep,सुदीप
sudharr,सुधार
shun,सुन
sunalo,सुनौलो
sundhr,सुन्दर
shuman,सुमन
sumarza,सुमार्ग
shumukh,सुमुख
suuyog,सुयोग
sura,सुरज
surkshya,सुरक्षा
sulvaa,सुलभ
suwarnaa,सुवर्ण
subidhhaa,सुविधा
shushil,सुशील
sewaah,सेवा
sawgat,सौगात
harrin,हरिण
harete,हरित
haaweli,हवेली
hakimx,हाकिम
hardiik,हार्दिक
kshamatta,क्षमता
gian,ज्ञान
akhenda,अखण्ड
agouwa,अगुवा
agrajh,अग्रज
ajeya,अजय
ajair,अजर
athala,अटल
atithii,अतिथी
atule,अतुल
athhna,अथाह
anantaah,अनन्त
anujha,अनुज
apahaar,अपार
apurrba,अपुर्ब
abhaa,अभय
amarh,अमर
amalu,अमल
arunna,अरुण
arppan,अर्पण
ashla,असल
aksher,अक्षर
angaan,आँगन
aanchalh,आँचल
akarr,आकार
aakashh,आकाश
adarr,आदर
aadarsa,आदर्श
aadhaaar,आधार
amull,आमूल
aayaamh,आयाम
aarjana,आर्जन
aaloh,आलोक
awaash,आवास
aashah,आशा
aashen,आसन
aashta,आस्था
inaamm,इनाम
utamm,उत्तम
udayaah,उदय
udhaarr,उदार
unnathi,उन्नती
umaang,उमंग
ushah,उषा
urjaaah,ऊर्जा
ekataah,एकता
kanthaaah,कण्ठ
kadham,कदम
kadhhar,कदर
kapyl,कपिल
kapoorr,कपुर
kammal,कमल
karunaa,करुणा
kaalamh,कलम
kalaa,कला
kabee,कवि
kawitha,कविता
kassammm,कसम
kabyaaah,काब्य
kaamna,कामना
keenar,किनारा
kiraan,किरण
kilaa,किल्ला
keerati,कीर्ति
kunjyaa,कुञ्ज
kushaall,कुशल
kussumm,कुसुम
kreepa,कृपा
keshaa,केशर
koilih,कोइली
kopillaa,कोपिला
khajanaaah,खजाना
khaniij,खनिज
khaanii,खानी
gagannh,गगन
gamlah,गमला
gahan,गहना
gaajall,गाजल
gaathha,गाथा
guranas,गुराँस
gruhh,गृह
gochhaar,गोचर
gorassa,गोरस
gorreto,गोरेटो
gouthali,गौँथली
gauravah,गौरव
ghoomti,घुम्ती
chkr,चक्र
chandraa,चन्द्र
chaamak,चमक
chameliya,चमेली
charanahh,चरण
chaandnhi,चाँदनी
chaandee,चाँदी
chaahnah,चाहना
chhitra,चित्र
chiraagah,चिराग
chirayuh,चिरायु
chhetaan,चेतन
chehrah,चेहरा
chautariyah,चौतारी
chhvi,छवि
chhaarii,छहारी
chhataaa,छाता
chhaayaan,छायाँ
chhimekii,छिमेकी
jagatha,जगत्
janthaa,जनता
zameen,जमिन
jamoona,जमुना
zaraayo,जरायो
jala,जल
jahz,जहाज
jagritaa,जागृति
jaate,जाती
jeevanah,जीवन
juneleeah,जुनेली
jurleee,जुरेली
joohi,जुही
jorh,जोर
jyotya,ज्योति
jharnaa,झरना
jhalakaah,झलक
dabbli,डबली
danffay,डाँफे
daaly,डाली
dhok,ढोका
takmaaah,तक्मा
tapanahaa,तपन
tablahh,तबला
taralla,तरल
taraajoo,तराजु
tarelyah,तरेली
talauu,तलाउ
talaiyaa,तलैया
taraah,तारा
taallii,ताली
tirsanah,तिर्सना
tejyaa,तेज
toranaah,तोरण
treekonahh,त्रिकोण
thalohh,थलो
thalia,थाली
thungaa,थुँगो
thaileh,थैली
darpn,दर्पण
darshanah,दर्शन
dallanah,दलान
diyalooah,दियालो
diloh,दिल
diwasha,दिवस
diwaha,दिवा
deekshaah,दीक्षा
dipaah,दीप
dobnah,दोभान
drabyaaah,द्रव्य
dhanahh,धन
dhaneshaah,धनेश
dhairahh,धैर्य
nakshatr,नक्षत्र
nagarah,नगर
najeerah,नजिर
navaa,नभ
nammana,नमन
namunnaa,नमुना
nayen,नयन
narrah,नरम
naharahh,नहर
naakaaahh,नाका
nekat,निकट
nikhass,निकास
neegamaaah,निगम
nibash,निवास
niymaa,नियम
nirdosahh,निर्दोष
nirmalaah,निर्मल
neermanahh,निर्माण
nipurnaahh,निपुण
nisaanaaa,निसाना
netraaah,नेत्र
nyayh,न्याय
paathnah,पठन
panaah,पन्ना
pareey,परी
pareleeah,परेली
parewah,परेवा
pawnaa,पवन
pavitrah,पवित्र
patrikaahh,पत्रिका
paailah,पाइला
pipalahh,पिपल
pusspha,पुष्प
pustakahh,पुस्तक
preethwiyaa,पृथ्वी
pokhriy,पोखरी
poshannah,पोषण
pauwaahh,पौवा
prakashh,प्रकाश
prakretih,प्रकृति
prakharaah,प्रखर
pragti,प्रगति
pranyah,प्रणय
pradippaa,प्रदीप
praball,प्रबल
prabhaah,प्रभाव
prayasah,प्रयास
preethiya,प्रीति
preem,प्रेम
pragyaaahh,प्रज्ञा
fateekahh,फटिक
phool,फूल
bagallh,बगल
bagah,बगान
bagainchaaah,बगैँचा
bachat,बचत
bachenah,बचन
batuwahh,बटुवा
waaraah,बर
bahhal,बहाल
baalaaah,बाला
beguul,बिगुल
weruaha,बिरुवा
bhandraa,भन्डार
bharooshah,भरोसा
bhawanah,भवन
bhuwanah,भुवन
bhugola,भूगोल
bhoomikaa,भूमिका
mangalahh,मंगल
makalhaa,मकल
makhanahaa,मखन
magann,मगन
manjaari,मञ्जरी
maney,मणि
madhataa,मदत
madanahh,मदन
madhush,मधु
mawn,मन
manishah,मनीषा
mamataah,ममता
mawyur,मयूर
malamhaah,मलम
masalah,मसला
mawha,मह
mahalah,महल
maheemaah,महिमा
manikaah,माणिक
maanakaa,मानक
maanabhh,मानव
mayaluah,मायालु
malaaah,माला
maaleah,माली
meethah,मिठास
meelanh,मिलन
meeseelah,मिसिल
mitw,मीत
munnaa,मुना
munalh,मुनाल
murawli,मुरली
mulukaah,मुलुक
muhaanahhh,मुहान
muha,मुहार
maidaanah,मैदान
mynah,मैना
mooteeah,मोती
moharh,मोहर
maureeah,मौरी
maulikaah,मौलिक
mausamha,मौसम
yawntraa,यन्त्र
yawtree,यात्री
yugalah,युगल
yuwaah,युवा
yoogaa,योग
yojnaa,योजना
rachanah,रचना
raajatah,रजत
ratnaaah,रत्न
ramanaha,रमण
rawmaa,रमा
rawbee,रवि
rashma,रश्मि
rashikaaahh,रसिक
ribaaja,रिवाज
roopakk,रुपक
rhekha,रेखा
reshamra,रेसम
rochakahh,रोचक
rohinaa,रोहिणी
raunakaa,रौनक
laganaah,लगन
lawtaa,लता
lavan,लवण
lahanah,लहना
lawhar,लहर
lakhshaah,लक्ष
lakurii,लाँकुरी
laab,लाभ
lale,लाली
lekhakaaa,लेखक
lochannaa,लोचन
oajan,ओजन
vicas,विकास
vijjay,विजय
vigyaan,विज्ञान
vidyaaah,विद्या
beedhaan,विधान
vinamrah,विनम्र
vinnay,विनय
vipnaa,विपना
vipula,विपुल
vividh,विविध
beebek,विवेक
bishaala,विशाल
bihaniyaa,विहानी
brikshyaaah,वृक्ष
shayawn,शयन
shaannaa,शान
saanti,शान्ति
shaalnaa,शालीन
shikshyaaa,शिक्षा
sheerah,शिर
shishirhaa,शिशिर
shitaal,शीतल
shuv,शुभ
shaaili,शैली
shangamm,संगम
samyoogaa,संयोग
sakalah,सकल
saksham,सक्षम
shakha,सखा
shagunn,सगुन
sagoolah,सगोल
sagahn,सघन
sachetah,सचेत
shajagg,सजग
shatik,सटीक
shataha,सतह
saty,सत्य
shaadann,सदन
shanduke,सन्दुक
shandyaa,सन्ध्या
sapanaaah,सपना
shafall,सफल
shaafa,सफा
saafedh,सफेद
samataah,समता
samaayaah,समय
samaaz,समाज
shamip,समीप
shamirr,समीर
samuhah,समूह
shaaral,सरल
sabaal,सवल
sahraa,सहारा
saadh,साँध
shait,साइत
shakar,साकार
shaakh,साख
shaagar,सागर
shaajha,साझा
sathi,साथी
shadha,सादा
sadhanah,साधना
saarthi,सारथी
saahsa,साहस
saksih,साक्षी
sendhu,सिन्धु
siipp,सिप
simalh,सिमल
simanah,सिमाना
simric,सिम्रिक
sirni,सिरानी
syrjana,सिर्जना
suukha,सुख
sugndhaa,सुगन्ध
suugam,सुगम
sudinnn,सुदिन
sudheep,सुदीप
sudhaaar,सुधार
sunh,सुन
sunauolo,सुनौलो
sundarh,सुन्दर
suuman,सुमन
sumrga,सुमार्ग
suumukh,सुमुख
siuuyog,सुयोग
surajh,सुरज
suurakshya,सुरक्षा
sulvva,सुलभ
suwarnna,सुवर्ण
sbhidhaa,सुविधा
shusil,सुशील
sewha,सेवा
saugatt,सौगात
haryn,हरिण
harreet,हरित
hawely,हवेली
hakem,हाकिम
hardikx,हार्दिक
kshamt,क्षमता
gaaan,ज्ञान
ackhanda,अखण्ड
aghuwa,अगुवा
akraj,अग्रज
ajyaya,अजय
ajahr,अजर
ataala,अटल
athethi,अतिथी
atula,अतुल
athenaa,अथाह
anentha,अनन्त
anujae,अनुज
aparr,अपार
apurbaah,अपुर्ब
abhaiyaa,अभय
amra,अमर
ammal,अमल
aruun,अरुण
arppan,अर्पण
ashahla,असल
akshiaar,अक्षर
aangn,आँगन
anchaal,आँचल
aakarah,आकार
akas,आकाश
aadah,आदर
adarsa,आदर्श
aadharr,आधार
aamull,आमूल
aayaama,आयाम
aarjanh,आर्जन
aloc,आलोक
aawes,आवास
aashaa,आशा
aashanah,आसन
aashtha,आस्था
inaamh,इनाम
uttamma,उत्तम
udaiyaa,उदय
udhaara,उदार
unnate,उन्नती
oomang,उमंग
ushaaa,उषा
urzaa,ऊर्जा
ektaa,एकता
khantha,कण्ठ
kadamm,कदम
kaddhar,कदर
kaapeel,कपिल
kapoora,कपुर
kaamal,कमल
karunaaa,करुणा
kallaam,कलम
kaalaa,कला
kawee,कवि
kavitaa,कविता
kasaam,कसम
kabyaah,काब्य
kaamanaah,कामना
kenraa,किनारा
keerann,किरण
khela,किल्ला
keertiy,कीर्ति
kuunja,कुञ्ज
kushaal,कुशल
kusuum,कुसुम
kreepaa,कृपा
kesharr,केशर
koyli,कोइली
kopilaaah,कोपिला
khajanaah,खजाना
khanije,खनिज
khaneeha,खानी
gaagan,गगन
gamlaah,गमला
gahanaah,गहना
gajhal,गाजल
gaathaah,गाथा
gurransa,गुराँस
grihaah,गृह
gochare,गोचर
gorosha,गोरस
goretoo,गोरेटो
gaunthlii,गौँथली
gaurabhh,गौरव
ghoomtee,घुम्ती
chakara,चक्र
chaandra,चन्द्र
chhamak,चमक
cameli,चमेली
chharan,चरण
chandaniy,चाँदनी
chhandi,चाँदी
chahnaaah,चाहना
chithra,चित्र
chiragh,चिराग
chirayuah,चिरायु
chetanna,चेतन
chehraahh,चेहरा
chauthari,चौतारी
chhvia,छवि
chhaariy,छहारी
chhatta,छाता
chhaayen,छायाँ
chhimeky,छिमेकी
jagattha,जगत्
jantahh,जनता
jameena,जमिन
zamuna,जमुना
zarayo,जरायो
jallaa,जल
zahaj,जहाज
jagrita,जागृति
jathii,जाती
jeevannh,जीवन
juneliya,जुनेली
jurleiya,जुरेली
juheea,जुही
jorr,जोर
jyotiya,ज्योति
jharnahh,झरना
jhalakaahh,झलक
dabllee,डबली
danphay,डाँफे
daalee,डाली
dhokaah,ढोका
takhmaa,तक्मा
tapanah,तपन
tablaha,तबला
taralaa,तरल
tarajuhh,तराजु
tareliiy,तरेली
talal,तलाउ
talaiy,तलैया
taraha,तारा
taaliah,ताली
tirsanahh,तिर्सना
tejahh,तेज
toranah,तोरण
thaleah,थाली
thungooaa,थुँगो
thaailaa,थैली
darpaan,दर्पण
darsnaa,दर्शन
dalnaa,दलान
diyalohh,दियालो
deelah,दिल
deewasah,दिवस
deewahaa,दिवा
deekshahh,दीक्षा
deepahh,दीप
dobanna,दोभान
drawbyah,द्रव्य
dhanaahh,धन
dhaneesha,धनेश
dhairyaaah,धैर्य
nakshatraah,नक्षत्र
nagarahh,नगर
najeerh,नजिर
navaah,नभ
namnahhh,नमन
namuunah,नमुना
naynaaah,नयन
naramahh,नरम
naharh,नहर
naakaahh,नाका
nikath,निकट
nikashh,निकास
nighama,निगम
niwaas,निवास
niyam,नियम
neerdos,निर्दोष
neermalaah,निर्मल
nirmaana,निर्माण
nipur,निपुण
nisaanaaahh,निसाना
netraha,नेत्र
nyayaa,न्याय
pathaana,पठन
pannaaahh,पन्ना
pareeahh,परी
pareleeaa,परेली
pareba,परेवा
pawanahh,पवन
pavitraah,पवित्र
patreeka,पत्रिका
paailaaah,पाइला
peepalh,पिपल
pupah,पुष्प
pustakhaa,पुस्तक
prethwee,पृथ्वी
pokhreeh,पोखरी
poshanahh,पोषण
pauwaaaa,पौवा
prakhaa,प्रकाश
prakrethi,प्रकृति
prakhr,प्रखर
pragatiah,प्रगति
pranayahh,प्रणय
pradipah,प्रदीप
prabalhh,प्रबल
prabhaawh,प्रभाव
prayasahh,प्रयास
preetah,प्रीति
premmaa,प्रेम
pragyanah,प्रज्ञा
fatikahh,फटिक
phoolaa,फूल
bagalahh,बगल
bagnaah,बगान
bagainchh,बगैँचा
bachatt,बचत
bachanaah,बचन
batooah,बटुवा
baaraa,बर
bahalah,बहाल
baalahh,बाला
beegula,बिगुल
beeruwaah,बिरुवा
bhandaarhha,भन्डार
bharosaa,भरोसा
vubanaa,भवन
bhuvanaa,भुवन
vugolah,भूगोल
bhumikaaah,भूमिका
mangalh,मंगल
makalahh,मकल
makhanaha,मखन
maganaah,मगन
manjarii,मञ्जरी
maanee,मणि
madathaa,मदत
madna,मदन
madhuu,मधु
maanaa,मन
manishaaah,मनीषा
mamathah,ममता
mayuraa,मयूर
malamaah,मलम
masalaah,मसला
maaha,मह
mahalaah,महल
mahimaah,महिमा
manikaa,माणिक
maanah,मानक
manabha,मानव
mayalo,मायालु
maalaah,माला
maaliyaa,माली
meethaa,मिठास
meelans,मिलन
misilah,मिसिल
meetw,मीत
munaaah,मुना
munaalah,मुनाल
murawlee,मुरली
mulukah,मुलुक
muha,मुहान
muharr,मुहार
maidaanaah,मैदान
maenah,मैना
mootihaa,मोती
moharahh,मोहर
mauriah,मौरी
maulikah,मौलिक
maushamaah,मौसम
yantrahh,यन्त्र
yaatreeah,यात्री
yogal,युगल
yuwaaahh,युवा
yogahh,योग
yojanaah,योजना
rachanahh,रचना
rajaata,रजत
ratnaha,रत्न
ramanahh,रमण
ramahh,रमा
rabeeah,रवि
rashmeeah,रश्मि
rashaik,रसिक
reebaaja,रिवाज
roopakaa,रुपक
rekhaw,रेखा
reshamhaa,रेसम
rochakaahh,रोचक
rohiniya,रोहिणी
raunikaah,रौनक
laganaa,लगन
lattaa,लता
lavaan,लवण
lahanahh,लहना
lawharr,लहर
lakshyaah,लक्ष
lankoori,लाँकुरी
laabha,लाभ
laalee,लाली
lekhakhaa,लेखक
lochanahh,लोचन
oajana,ओजन
vikasha,विकास
vijai,विजय
vijnyan,विज्ञान
vidhyaa,विद्या
vedhan,विधान
vinah,विनम्र
vynay,विनय
vipanah,विपना
vippul,विपुल
vividhh,विविध
bibeka,विवेक
beeshaal,विशाल
bihaniya,विहानी
bhrikshya,वृक्ष
shayaan,शयन
shaanah,शान
shaantaa,शान्ति
shaalii,शालीन
sheeksha,शिक्षा
sheeraah,शिर
setal,शीतल
shuvaa,शुभ
shaailaa,शैली
sangamma,संगम
samiyogaa,संयोग
sakalaha,सकल
sakshyaa,सक्षम
shakhaa,सखा
sagunaa,सगुन
shaagool,सगोल
saghana,सघन
sachetaaah,सचेत
saajaga,सजग
shateek,सटीक
shata,सतह
shatya,सत्य
sadhana,सदन
shandukk,सन्दुक
sandhyah,सन्ध्या
sapaanaa,सपना
shaafal,सफल
shafaa,सफा
shafedh,सफेद
samaataa,समता
samaaay,समय
samaajaaah,समाज
shameep,समीप
sameerah,समीर
samuhahh,समूह
sharaal,सरल
saabal,सवल
saharahh,सहारा
sadh,साँध
shaiita,साइत
sacar,साकार
saankh,साख
shagar,सागर
shajhaa,साझा
shaathy,साथी
shaadhaa,सादा
saadhnaa,साधना
sarathhi,सारथी
saahassa,साहस
sakshe,साक्षी
sindhuuu,सिन्धु
sep,सिप
siml,सिमल
siman,सिमाना
symrk,सिम्रिक
syrani,सिरानी
sirjnaa,सिर्जना
shukhaa,सुख
sugandhaaa,सुगन्ध
shugamm,सुगम
shudin,सुदिन
sudiipa,सुदीप
suudhaar,सुधार
suunn,सुन
sunall,सुनौलो
sundharr,सुन्दर
shumann,सुमन
sumargaaah,सुमार्ग
sumukhh,सुमुख
shuyog,सुयोग
suraaj,सुरज
surakshyaa,सुरक्षा
sulavw,सुलभ
suwrnna,सुवर्ण
subdhhaa,सुविधा
shuseel,सुशील
sewaaa,सेवा
saogat,सौगात
harend,हरिण
hareett,हरित
hawelii,हवेली
haqim,हाकिम
hardyik,हार्दिक
kshmta,क्षमता
jyan,ज्ञान
akhund,अखण्ड
agowaa,अगुवा
aghraj,अग्रज
ajhaya,अजय
ajurr,अजर
atalaa,अटल
aathithi,अतिथी
athool,अतुल
athhanah,अथाह
anaantha,अनन्त
anouja,अनुज
apaarra,अपार
apurbh,अपुर्ब
abhaiyaa,अभय
amaarr,अमर
amahl,अमल
aroonn,अरुण
arpaan,अर्पण
ashaala,असल
akshiar,अक्षर
aagan,आँगन
aanchala,आँचल
aakaarh,आकार
aakaasha,आकाश
aadharr,आदर
adarsh,आदर्श
aadhaara,आधार
aamooll,आमूल
aayaaam,आयाम
aarjaanah,आर्जन
alock,आलोक
aawhash,आवास
aashaaah,आशा
aashaan,आसन
aasthaa,आस्था
inamh,इनाम
uttamhh,उत्तम
udeyaa,उदय
udaarah,उदार
unnatty,उन्नती
oomnga,उमंग
ushaaaa,उषा
urjaha,ऊर्जा
aikta,एकता
khanthaa,कण्ठ
kadhumm,कदम
kadaarr,कदर
kapeeel,कपिल
kapoorrh,कपुर
kamaahl,कमल
kaaruna,करुणा
kalaamh,कलम
kalla,कला
kawwi,कवि
kawitah,कविता
kaasam,कसम
kaabya,काब्य
kaamanaa,कामना
keeneraa,किनारा
keerahn,किरण
kela,किल्ला
kerti,कीर्ति
kunjha,कुञ्ज
kushahlh,कुशल
kusumh,कुसुम
krepa,कृपा
keshhra,केशर
koylee,कोइली
kopeelaa,कोपिला
khhajana,खजाना
khnizh,खनिज
khhani,खानी
gaganha,गगन
gaamla,गमला
gahnhaa,गहना
gajalh,गाजल
gaattha,गाथा
guransha,गुराँस
grihaaah,गृह
gocar,गोचर
gorahsa,गोरस
gorretoh,गोरेटो
gaonthali,गौँथली
gawrab,गौरव
ghumethi,घुम्ती
chakkra,चक्र
chhandra,चन्द्र
chhamakh,चमक
chhameli,चमेली
charaan,चरण
chaandenee,चाँदनी
chhande,चाँदी
chaahana,चाहना
chitara,चित्र
chiraga,चिराग
cheerayoo,चिरायु
chetanh,चेतन
cheharaa,चेहरा
chhautaari,चौतारी
chhavii,छवि
chhaaree,छहारी
chhaathaa,छाता
chaayen,छायाँ
chhimki,छिमेकी
jagattah,जगत्
janataaah,जनता
zameena,जमिन
jamunhaa,जमुना
jarrayo,जरायो
jahlah,जल
zahaaj,जहाज
jagreet,जागृति
jaateh,जाती
jivan,जीवन
juneliy,जुनेली
juhiiha,जुही
jorah,जोर
jyotihh,ज्योति
jharnnaah,झरना
jhaalak,झलक
dabaleeah,डबली
danffayh,डाँफे
dahli,डाली
dhokaaahh,ढोका
tablahaa,तबला
telaau,तलाउ
talaiaa,तलैया
taaliyah,ताली
taj,तेज
thaaliyy,थाली
thungu,थुँगो
thaileeya,थैली
darpnaaah,दर्पण
darshannah,दर्शन
dalannh,दलान
deeyalooah,दियालो
dilaaah,दिल
diwashaa,दिवस
deebah,दिवा
dikshaaah,दीक्षा
deepaaah,दीप
dobanah,दोभान
drabyaha,द्रव्य
dhanan,धन
dhaneshaahh,धनेश
dhairyah,धैर्य
nakshathraa,नक्षत्र
nagaah,नगर
najirh,नजिर
navaaa,नभ
namanaaahh,नमन
namunaahh,नमुना
naayan,नयन
naraamaa,नरम
naharaahh,नहर
nakaah,नाका
neekath,निकट
nikashaahh,निकास
nigamahh,निगम
niwaasha,निवास
neemah,नियम
nirdosahh,निर्दोष
neermalh,निर्मल
neermaana,निर्माण
nipurnahh,निपुण
nishanaa,निसाना
netraahh,नेत्र
nyayahh,न्याय
paathanah,पठन
panaaa,पन्ना
pariya,परी
parelleeah,परेली
pawaan,पवन
pavitraaa,पवित्र
patrikka,पत्रिका
paalaah,पाइला
pipall,पिपल
pushpah,पुष्प
pokhareh,पोखरी
pragatih,प्रगति
pranayaah,प्रणय
pradipaaah,प्रदीप
prabalah,प्रबल
prabhawa,प्रभाव
prayasahh,प्रयास
preeteeh,प्रीति
premahh,प्रेम
pragyahh,प्रज्ञा
fateekaaah,फटिक
phoola,फूल
bagah,बगल
baganaaah,बगान
bagaichaaahh,बगैँचा
bachah,बचत
bachahh,बचन
batoowaaah,बटुवा
bahr,बर
bahalla,बहाल
balaah,बाला
beegulh,बिगुल
weruah,बिरुवा
bhandraah,भन्डार
bharooshaah,भरोसा
bhuwanah,भवन
bhuwana,भुवन
bhoogool,भूगोल
bhumikah,भूमिका
mangalaaah,मंगल
makalhaa,मकल
makhanahhh,मखन
maganah,मगन
manjarrah,मञ्जरी
maneeah,मणि
madatt,मदत
madanahaa,मदन
madhuah,मधु
mannah,मन
manishaah,मनीषा
mamataah,ममता
mayurah,मयूर
malamah,मलम
masalhaa,मसला
maahaa,मह
mahalh,महल
mahemah,महिमा
manikahh,माणिक
manakah,मानक
manabhaa,मानव
mayalaa,मायालु
malah,माला
maalea,माली
mithasah,मिठास
meelannah,मिलन
mesil,मिसिल
miitw,मीत
moonaah,मुना
munaalah,मुनाल
muralah,मुरली
moolu,मुलुक
muhanaah,मुहान
muharah,मुहार
maidanahh,मैदान
mainah,मैना
mootoo,मोती
moharrah,मोहर
mauriyaa,मौरी
mauleekah,मौलिक
mausamahh,मौसम
yantriiha,यन्त्र
yaatriyaa,यात्री
yugallh,युगल
yubaaahh,युवा
yogaaa,योग
yojanahh,योजना
rachanaha,रचना
rajathh,रजत
ratnahh,रत्न
ramanaah,रमण
raamaah,रमा
rabiiyaa,रवि
rashmiiya,रश्मि
riwaja,रिवाज
rupakkh,रुपक
rekaah,रेखा
reshamaah,रेसम
rohinyaa,रोहिणी
raunakaa,रौनक
laganahhh,लगन
lataaah,लता
lawna,लवण
lahanaah,लहना
laharaha,लहर
lakshaah,लक्ष
laankurii,लाँकुरी
laabhaa,लाभ
laleee,लाली
loochanaa,लोचन
ojanahh,ओजन
bikasha,विकास
vijayaah,विजय
vignan,विज्ञान
vedhya,विद्या
vidhanna,विधान
vinmar,विनम्र
vinayah,विनय
bipanah,विपना
beepula,विपुल
vivida,विविध
bibekaa,विवेक
bishaalaa,विशाल
beehan,विहानी
brikshaah,वृक्ष
shayanaa,शयन
shaanaa,शान
shaantii,शान्ति
shaaliyaa,शालीन
shikshaah,शिक्षा
sheeraahh,शिर
sheetal,शीतल
shubhaa,शुभ
shaailiya,शैली
sangamaa,संगम
samyyog,संयोग
sakalaaah,सकल
saakhaa,सखा
shaguna,सगुन
sagolah,सगोल
saganna,सघन
sachitaa,सचेत
sajagga,सजग
saatikka,सटीक
sathhaa,सतह
sathya,सत्य
sadanaa,सदन
sandooka,सन्दुक
sandehya,सन्ध्या
sapaanah,सपना
safalah,सफल
safaaah,सफा
safedhh,सफेद
samataahh,समता
samaajaaahh,समाज
samep,समीप
samiraah,समीर
saraa,सरल
sabbal,सवल
saharaaah,सहारा
sandhaaah,साँध
shaaita,साइत
shaakaar,साकार
saakh,साख
shaagarr,सागर
sajjhaa,साझा
shaathi,साथी
sadha,सादा
sadhanaa,साधना
saarathii,सारथी
saahasah,साहस
sakshii,साक्षी
sindhua,सिन्धु
syp,सिप
shimal,सिमल
simaana,सिमाना
simriik,सिम्रिक
sirany,सिरानी
sirjanah,सिर्जना
shuukha,सुख
sugandhah,सुगन्ध
sugamaa,सुगम
shudinn,सुदिन
sudepah,सुदीप
sudhhaaa,सुधार
soonn,सुन
sunoula,सुनौलो
sundherh,सुन्दर
sumanaa,सुमन
sumargar,सुमार्ग
sumukhah,सुमुख
suyogaa,सुयोग
surajj,सुरज
suarakshya,सुरक्षा
sulavha,सुलभ
suwrna,सुवर्ण
subidhah,सुविधा
shusill,सुशील
sewahh,सेवा
saugaat,सौगात
harenn,हरिण
hareit,हरित
hawelli,हवेली
hakime,हाकिम
haridk,हार्दिक
ksamata,क्षमता
giyan,ज्ञान
akhind,अखण्ड
aghooaa,अगुवा
agraaja,अग्रज
azaya,अजय
azar,अजर
atallaa,अटल
attithi,अतिथी
atuhle,अतुल
athnha,अथाह
ananthaa,अनन्त
anuzha,अनुज
apaaer,अपार
apurbaa,अपुर्ब
abhaiyya,अभय
ammaar,अमर
amaalu,अमल
aarun,अरुण
arpanah,अर्पण
ashaalaa,असल
akshiyarah,अक्षर
agan,आँगन
aanchaal,आँचल
aakaarah,आकार
akaasha,आकाश
aadhaar,आदर
aadarshh,आदर्श
adhaara,आधार
aamulah,आमूल
aayaahm,आयाम
aarjhan,आर्जन
aalokh,आलोक
aawaash,आवास
ashaah,आशा
aashanh,आसन
aasthah,आस्था
inamhh,इनाम
uttham,उत्तम
udaayaa,उदय
udarr,उदार
unathii,उन्नती
umannga,उमंग
ushha,उषा
oorjaa,ऊर्जा
eektaa,एकता
kanntah,कण्ठ
kadaam,कदम
kadhharh,कदर
kapiln,कपिल
kaapoor,कपुर
kaamol,कमल
kaarunaa,करुणा
kallamh,कलम
kalaaaha,कला
kabbhi,कवि
kawitaaah,कविता
kasamhh,कसम
kabbya,काब्य
kaamnaah,कामना
kineraa,किनारा
kiranha,किरण
kellaa,किल्ला
keerthii,कीर्ति
kunza,कुञ्ज
kushaalh,कुशल
kusummh,कुसुम
kriphaa,कृपा
khesher,केशर
koilya,कोइली
koopila,कोपिला
khajhna,खजाना
khaneej,खनिज
khaany,खानी
gagahn,गगन
gamalaaah,गमला
gehanaa,गहना
gaajjal,गाजल
gataa,गाथा
gurasa,गुराँस
grihaahh,गृह
goochhar,गोचर
gorasaah,गोरस
gorettah,गोरेटो
gauthalii,गौँथली
gaurava,गौरव
ghumtiyy,घुम्ती
chhakra,चक्र
chandhra,चन्द्र
chamkha,चमक
chamali,चमेली
charane,चरण
chhaandani,चाँदनी
chaandhei,चाँदी
chhaahana,चाहना
chhithra,चित्र
chiraghh,चिराग
chhirayu,चिरायु
chettan,चेतन
chehrae,चेहरा
chautarry,चौतारी
chavi,छवि
chhaariyy,छहारी
chhaataah,छाता
chayyaa,छायाँ
chhimeke,छिमेकी
jantahaa,जनता
jamunn,जमिन
jamunaaahh,जमुना
jaraiah,जरायो
jalhaa,जल
jahaajh,जहाज
jagritah,जागृति
jaateeah,जाती
jeewan,जीवन
jooraa,जोर
jharanah,झरना
dabblii,डबली
daalii,डाली
telau,तलाउ
talaiyaa,तलैया
taja,तेज
thaal,थाली
thoongo,थुँगो
thailiya,थैली
darpnha,दर्पण
darshannn,दर्शन
dallana,दलान
deeyaloh,दियालो
deelahhh,दिल
diwahh,दिवस
deewhah,दिवा
deekshhah,दीक्षा
dipaahh,दीप
dobaanhh,दोभान
drawbya,द्रव्य
dhannna,धन
dhanesee,धनेश
dhairaa,धैर्य
naksathraah,नक्षत्र
nagaraah,नगर
najirhh,नजिर
naavah,नभ
namanaaahh,नमन
namunnah,नमुना
nayanaahh,नयन
naramaahh,नरम
naharrah,नहर
nakhaah,नाका
nikaat,निकट
nikshaa,निकास
neegamaah,निगम
neewasa,निवास
neemaa,नियम
nirmalah,निर्मल
netraahhh,नेत्र
nyaayaah,न्याय
pannah,पन्ना
parea,परी
pawanaah,पवन
praagati,प्रगति
pranyaha,प्रणय
pradipa,प्रदीप
praballh,प्रबल
prabhaawhh,प्रभाव
prayasaha,प्रयास
preetyaa,प्रीति
premaah,प्रेम
pragyaaahhh,प्रज्ञा
fatikahh,फटिक
phoolah,फूल
bagahlh,बगल
baganahh,बगान
bachaa,बचत
bachannah,बचन
batuwahaah,बटुवा
baah,बर
bahallh,बहाल
balaha,बाला
bigoolh,बिगुल
beeruhaa,बिरुवा
maahh,मह
mitaaw,मीत
mayan,मैना
moota,मोती
yatriyah,यात्री
yoogalah,युगल
yogaaah,योग
rammaa,रमा
rabiyaa,रवि
rashmaah,रश्मि
reewasaah,रिवाज
rekhah,रेखा
lawanah,लवण
lahrh,लहर
lakoori,लाँकुरी
laabhaah,लाभ
lalii,लाली
ojanha,ओजन
veekash,विकास
vijayaa,विजय
vignaan,विज्ञान
vedyaa,विद्या
vydhana,विधान
vinahhh,विनम्र
vinayaa,विनय
bipanaa,विपना
beepulah,विपुल
vividha,विविध
bivekaa,विवेक
bishaalah,विशाल
beehanaa,विहानी
shayaanaa,शयन
shaannaa,शान
shaantah,शान्ति
shikshyaaah,शिक्षा
shitalaa,शीतल
shuvahaa,शुभ
shaalii,शैली
sangamaah,संगम
sakalyaa,सकल
shakhaaah,सखा
sagunh,सगुन
shagoolah,सगोल
saghnaa,सघन
sachitaaah,सचेत
shajagga,सजग
satikah,सटीक
sataah,सतह
satyaaah,सत्य
sadanah,सदन
sandukkah,सन्दुक
sandhyahh,सन्ध्या
sapanaaahh,सपना
safallaa,सफल
shafaah,सफा
samiipah,समीप
samiiraah,समीर
saarala,सरल
sabalh,सवल
sahraah,सहारा
sandhhaah,साँध
saaaitaa,साइत
shakaara,साकार
saakhah,साख
sagarrh,सागर
sajjhahh,साझा
shaathee,साथी
sadhha,सादा
saadhaa,साधना
sarathiya,सारथी
saahass,साहस
sakshiaa,साक्षी
sindhhuua,सिन्धु
sheep,सिप
semal,सिमल
simannaah,सिमाना
simrikah,सिम्रिक
siraniaa,सिरानी
sirjani,सिर्जना
sukah,सुख
sugamma,सुगम
sudinha,सुदिन
sudharrh,सुधार
suuh,सुन
sunauloa,सुनौलो
sundharaa,सुन्दर
sumanah,सुमन
sumarghaah,सुमार्ग
sumukhahh,सुमुख
suyoghh,सुयोग
suraaa,सुरज
surakhya,सुरक्षा
sulvah,सुलभ
suwarn,सुवर्ण
subidhh,सुविधा
sushilaa,सुशील
sewaahh,सेवा
saugt,सौगात
harenh,हरिण
hareat,हरित
hawli,हवेली
hakimah,हाकिम
hardi,हार्दिक
kshamataa,क्षमता
gyen,ज्ञान
akhadaa,अखण्ड
agooa,अगुवा
agrajha,अग्रज
ajyaa,अजय
ajra,अजर
atila,अटल
atithee,अतिथी
atoola,अतुल
athanae,अथाह
ananthah,अनन्त
anoujaa,अनुज
aphaar,अपार
apoorrba,अपुर्ब
abhaayaa,अभय
amahr,अमर
amaala,अमल
aarunn,अरुण
aarpan,अर्पण
ashhallaa,असल
akshiyarrr,अक्षर
aanggann,आँगन
aanchaala,आँचल
akaarh,आकार
aakaasah,आकाश
aadhara,आदर
aadarsah,आदर्श
aadhahr,आधार
aamoolah,आमूल
ayaam,आयाम
arjana,आर्जन
aalokkah,आलोक
aawashah,आवास
aasah,आशा
ashaan,आसन
aastha,आस्था
inamaa,इनाम
utthammm,उत्तम
udaiyah,उदय
udahrh,उदार
unnathee,उन्नती
umangah,उमंग
ooshah,उषा
urjaaaha,ऊर्जा
ektahh,एकता
kantaah,कण्ठ
kaadum,कदम
kaaddar,कदर
kaapil,कपिल
kapuraah,कपुर
kamaall,कमल
karoonah,करुणा
kaallam,कलम
kallaah,कला
kaavi,कवि
kaavita,कविता
kaassam,कसम
kaavyah,काब्य
kaamanaaah,कामना
keneraa,किनारा
keerana,किरण
killaah,किल्ला
keertiha,कीर्ति
kunnja,कुञ्ज
kussoon,कुसुम
kriphah,कृपा
keshahr,केशर
koille,कोइली
kopla,कोपिला
khajan,खजाना
khhaniij,खनिज
khaaniy,खानी
gaagann,गगन
gaamalla,गमला
gahnaah,गहना
gaajell,गाजल
gaathhaa,गाथा
guraansa,गुराँस
grhha,गृह
gochaaar,गोचर
gorhasaa,गोरस
goreethoo,गोरेटो
gaunthaley,गौँथली
gaurv,गौरव
chhakraa,चक्र
moon,चन्द्र
chamkaah,चमक
chamale,चमेली
charaanh,चरण
chaandne,चाँदनी
chaandhi,चाँदी
chahanaah,चाहना
chitrhaa,चित्र
cheeragh,चिराग
cheeraayuh,चिरायु
cheten,चेतन
chhehra,चेहरा
chautarree,चौतारी
chavii,छवि
chhaare,छहारी
chhathaa,छाता
chaayaaah,छायाँ
cheemi,छिमेकी
jamen,जमिन
jamunahaa,जमुना
jahhazz,जहाज
jeebann,जीवन
jorha,जोर
jhharna,झरना
daalyah,डाली
teleu,तलाउ
talee,थाली
thoongoh,थुँगो
thailey,थैली
darpanahhh,दर्पण
darshanna,दर्शन
dalnaah,दलान
diyalou,दियालो
dilaaahh,दिल
diwasaah,दिवस
deewaahh,दिवा
deekshaahh,दीक्षा
deppah,दीप
dobahh,दोभान
drabyyah,द्रव्य
dhanahh,धन
dhaneshaa,धनेश
dhairyahh,धैर्य
nakshataa,नक्षत्र
nagaraaahh,नगर
najirrr,नजिर
navaahh,नभ
nikathh,निकट
niyamaa,नियम
praagatee,प्रगति
phoolaaa,फूल
bachathhh,बचत
wahr,बर
lankurii,लाँकुरी
laabhaaa,लाभ
bikashaa,विकास
beejayaa,विजय
viggyaan,विज्ञान
vidhaayaa,विद्या
vidhaani,विधान
vinamraah,विनम्र
vinayahh,विनय
bipanaah,विपना
beepoolah,विपुल
vivid,विविध
bivika,विवेक
beeshal,विशाल
bihaniyah,विहानी
shayaanaaah,शयन
shaantahh,शान्ति
sheetalaa,शीतल
shuvaaa,शुभ
sakhaaah,सखा
sagunaaah,सगुन
sagolaa,सगोल
sagannaa,सघन
sachitaaahh,सचेत
sajaggaa,सजग
satikaa,सटीक
sathaaah,सतह
satyaa,सत्य
sadanahh,सदन
sandookah,सन्दुक
safalahh,सफल
safahaa,सफा
sameepah,समीप
saralaaah,सरल
saballaa,सवल
saitaaah,साइत
sakraah,साकार
saakhaaah,साख
sagaaarr,सागर
shathy,साथी
saddhaa,सादा
sakshiia,साक्षी
shep,सिप
simala,सिमल
shukhah,सुख
sudinnh,सुदिन
surakshyaa,सुरक्षा
swarnna,सुवर्ण
saugattah,सौगात
harynn,हरिण
harit,हरित
hawel,हवेली
hakimxx,हाकिम
hardhik,हार्दिक
kshamtaaa,क्षमता
gyaaaan,ज्ञान
akhindha,अखण्ड
aghua,अगुवा
agrajae,अग्रज
ajaiyaa,अजय
ajarra,अजर
aatala,अटल
atthithee,अतिथी
aathul,अतुल
athenaa,अथाह
annanta,अनन्त
anujhaa,अनुज
aparrh,अपार
apoarba,अपुर्ब
abhaihaa,अभय
amaara,अमर
amahlh,अमल
aroona,अरुण
arphanah,अर्पण
ashaalah,असल
aksyar,अक्षर
aanggan,आँगन
aanchhaal,आँचल
aakaarrr,आकार
akaashh,आकाश
aadharh,आदर
aadarshaaa,आदर्श
aadhaarah,आधार
amullh,आमूल
aayaamhh,आयाम
arjhaan,आर्जन
aalock,आलोक
awaasha,आवास
aashaaha,आशा
aashenn,आसन
aashthaaa,आस्था
inaamah,इनाम
udayahh,उदय
udhaarah,उदार
unattea,उन्नती
uummang,उमंग
ushaahh,उषा
urjjaah,ऊर्जा
ektahaa,एकता
kadm,कदम
kadr,कदर
kapl,कपिल
kalama,कलम
kawitahh,कविता
keennara,किनारा
keela,किल्ला
chamely,चमेली
chhaavi,छवि
chhaariyaa,छहारी
chimkee,छिमेकी
jhharnaa,झरना
tahlia,थाली
thungooh,थुँगो
thaileh,थैली
darpenn,दर्पण
darshnha,दर्शन
dalanaa,दलान
diyalol,दियालो
dilaah,दिल
deewahh,दिवस
diwahaah,दिवा
dikshaha,दीक्षा
deephaa,दीप
dobnaaah,दोभान
dhanhna,धन
dhaairyah,धैर्य
nakshaht,नक्षत्र
nagahr,नगर
najeera,नजिर
phoolahh,फूल
laabhah,लाभ
vikassh,विकास
vijayaaa,विजय
vigyan,विज्ञान
vinayi,विनय
vippanah,विपना
vividhaa,विविध
shuvhaa,शुभ
sagoolahh,सगोल
saghanaa,सघन
satikaaah,सटीक
sathhaaah,सतह
sathyaa,सत्य
saddanaa,सदन
saatheeaa,साथी
sheepah,सिप
surksha,सुरक्षा
suwarana,सुवर्ण
haretha,हरित
haaveli,हवेली
hardikk,हार्दिक
ksamatta,क्षमता
akhundaa,अखण्ड
aghuwaa,अगुवा
agraaji,अग्रज
ajayah,अजय
ajaar,अजर
athalaa,अटल
aathool,अतुल
anaanthaa,अनन्त
anujaai,अनुज
appaarh,अपार
apurvhaa,अपुर्ब
abhayaaah,अभय
amaarh,अमर
amaalu,अमल
aruunn,अरुण
arppaan,अर्पण
ashalaaah,असल
aksyiar,अक्षर
angn,आँगन
aanchulh,आँचल
aamoola,आमूल
aaloka,आलोक
aawassh,आवास
aashaahh,आशा
ashanah,आसन
keelaa,किल्ला
chhabhi,छवि
chahharee,छहारी
chhimek,छिमेकी
thaly,थाली
thungoohh,थुँगो
thaileyy,थैली
darrpan,दर्पण
darshahn,दर्शन
dalanaahh,दलान
diyaloua,दियालो
dill,दिल
deewashh,दिवस
deewaaha,दिवा
dikshahh,दीक्षा
dipahh,दीप
dovaanh,दोभान
foolah,फूल
bikasaa,विकास
bigyanaa,विज्ञान
vividah,विविध
saghaan,सघन
suraksya,सुरक्षा
suwwarna,सुवर्ण
haweliii,हवेली
hardyk,हार्दिक
xshamata,क्षमता
ajiyah,अजय
azhaar,अजर
athalaa,अटल
anujyaa,अनुज
apurbhaa,अपुर्ब
amrahh,अमर
amahal,अमल
aarppan,अर्पण
asal,असल
akshiarh,अक्षर
angaanh,आँगन
aanchhala,आँचल
keella,किल्ला
chaavi,छवि
chaharree,छहारी
thaayli,थाली
thunghu,थुँगो
thaailyah,थैली
darpanahhh,दर्पण
dallanahh,दलान
deill,दिल
diwasah,दिवस
deebahh,दिवा
dippaa,दीप
phoolahhh,फूल
vijyana,विज्ञान
vividhaa,विविध
surakshiaa,सुरक्षा
suwarnah,सुवर्ण
hardikah,हार्दिक
ksmta,क्षमता
ajaaia,अजय
ajirr,अजर
athillah,अटल
aanuja,अनुज
apaurwa,अपुर्ब
axar,अक्षर
aanghaan,आँगन
keellaa,किल्ला
thaalee,थाली
thungaaah,थुँगो
thailiyy,थैली
vigyaanah,विज्ञान
vividhaaah,विविध
syamata,क्षमता
ajhera,अजर
anooj,अनुज
thaliy,थाली
thugooah,थुँगो
bibidh,विविध
xyamata,क्षमता
anooja,अनुज
thaleeya,थाली
beebidh,विविध
xhyamata,क्षमता
